variable,table,category,status,source,notes
PID,participant,participant,converted,dictionary v14 sheet participant row 2,
REGISTRATION_YEAR,participant,participant,converted,dictionary v14 sheet participant row 3,
REGISTRATION_MONTH,participant,participant,converted,dictionary v14 sheet participant row 4,
CONSENT_VERSION,participant,participant,converted,dictionary v14 sheet participant row 5,
CONSENT_YEAR,participant,participant,converted,dictionary v14 sheet participant row 6,
CONSENT_MONTH,participant,participant,converted,dictionary v14 sheet participant row 7,
BIRTH_YEAR,participant,participant,converted,dictionary v14 sheet participant row 8,
BIRTH_MONTH,participant,participant,converted,dictionary v14 sheet participant row 9,
BLOOD_SAMPLE,participant,participant,converted,dictionary v14 sheet participant row 10,
DEMOG_ETHNICITY_1_1,participant,participant,converted,dictionary v14 sheet participant row 11,
DEMOG_GENDER_1_1,participant,participant,converted,dictionary v14 sheet participant row 12,
DEMOG_GENDER_2_1,participant,participant,converted,dictionary v14 sheet participant row 13,
DEMOG_SEX_1_1,participant,participant,converted,dictionary v14 sheet participant row 14,
DEMOG_SEX_2_1,participant,participant,converted,dictionary v14 sheet participant row 15,
ID,questionnaire,questionnaire_information,converted,dictionary v14 sheet questionnaire row 2,
PID,questionnaire,questionnaire_information,converted,dictionary v14 sheet questionnaire row 3,
QUESTIONNAIRE_VERSION,questionnaire,questionnaire_information,converted,dictionary v14 sheet questionnaire row 4,
SUBMISSION_DATE,questionnaire,questionnaire_information,converted,dictionary v14 sheet questionnaire row 5,
DEMOG_HEIGHT_1_1,questionnaire,about_you_and_household,converted,dictionary v14 sheet questionnaire row 6,
DEMOG_HEIGHT_ENTER_UNIT_1_1,questionnaire,about_you_and_household,converted,dictionary v14 sheet questionnaire row 7,
DEMOG_LANGUAGE_1_1,questionnaire,about_you_and_household,converted,dictionary v14 sheet questionnaire row 8,
DEMOG_RELATSH_CIVIL_CURR_1_1,questionnaire,about_you_and_household,converted,dictionary v14 sheet questionnaire row 9,
DEMOG_RELATSH_CIVIL_PREV_1_1,questionnaire,about_you_and_household,converted,dictionary v14 sheet questionnaire row 10,
DEMOG_RELATSH_MARR_CURR_1_1,questionnaire,about_you_and_household,converted,dictionary v14 sheet questionnaire row 11,
DEMOG_RELATSH_MARR_PREV_1_1,questionnaire,about_you_and_household,converted,dictionary v14 sheet questionnaire row 12,
DEMOG_RELATSH_STATUS_1_1,questionnaire,about_you_and_household,converted,dictionary v14 sheet questionnaire row 13,
DEMOG_RELATSH_STATUS_2_1,questionnaire,about_you_and_household,converted,dictionary v14 sheet questionnaire row 14,
DEMOG_SEXUAL_ORIENTATION_1_1,questionnaire,about_you_and_household,converted,dictionary v14 sheet questionnaire row 15,
DEMOG_TRANSGENDER_1_1,questionnaire,about_you_and_household,converted,dictionary v14 sheet questionnaire row 16,
DEMOG_WEIGHT_1_1,questionnaire,about_you_and_household,converted,dictionary v14 sheet questionnaire row 17,
DEMOG_WEIGHT_ENTER_UNIT_1_1,questionnaire,about_you_and_household,converted,dictionary v14 sheet questionnaire row 18,
HOUSING_CURR_ADD_YRS_1_1,questionnaire,about_you_and_household,converted,dictionary v14 sheet questionnaire row 19,
HOUSING_ENERGY_1_M,questionnaire,about_you_and_household,converted,dictionary v14 sheet questionnaire row 20,
HOUSING_HEAT_1_M,questionnaire,about_you_and_household,converted,dictionary v14 sheet questionnaire row 21,
HOUSING_PEOPLE_1_1,questionnaire,about_you_and_household,converted,dictionary v14 sheet questionnaire row 22,
HOUSING_PEOPLE_RELATE_1_M,questionnaire,about_you_and_household,converted,dictionary v14 sheet questionnaire row 23,
HOUSING_TENURE_1_1,questionnaire,about_you_and_household,converted,dictionary v14 sheet questionnaire row 24,
HOUSING_TYPE_1_1,questionnaire,about_you_and_household,converted,dictionary v14 sheet questionnaire row 25,
HOUSING_VEHICLES_1_1,questionnaire,about_you_and_household,converted,dictionary v14 sheet questionnaire row 26,
EDU_COMP_AGE_1_1,questionnaire,work_and_education,converted,dictionary v14 sheet questionnaire row 27,
EDU_COMP_AGE_2_1,questionnaire,work_and_education,converted,dictionary v14 sheet questionnaire row 28,
EDU_QUAL_1_M,questionnaire,work_and_education,converted,dictionary v14 sheet questionnaire row 29,
HOUSING_INCOME_1_1,questionnaire,work_and_education,converted,dictionary v14 sheet questionnaire row 30,
WORK_DISTANCE_1_1,questionnaire,work_and_education,converted,dictionary v14 sheet questionnaire row 31,
WORK_MANUAL_LABOUR_1_1,questionnaire,work_and_education,converted,dictionary v14 sheet questionnaire row 32,
WORK_NIGHTS_1_1,questionnaire,work_and_education,converted,dictionary v14 sheet questionnaire row 33,
WORK_SHIFTS_1_1,questionnaire,work_and_education,converted,dictionary v14 sheet questionnaire row 34,
WORK_STATUS_1_M,questionnaire,work_and_education,converted,dictionary v14 sheet questionnaire row 35,
WORK_STATUS_2_M,questionnaire,work_and_education,converted,dictionary v14 sheet questionnaire row 36,
WORK_TRANSPORT_1_M,questionnaire,work_and_education,converted,dictionary v14 sheet questionnaire row 37,
WORK_WALK_STAND_1_1,questionnaire,work_and_education,converted,dictionary v14 sheet questionnaire row 38,
WORK_WK_HRS_1_1,questionnaire,work_and_education,converted,dictionary v14 sheet questionnaire row 39,
WORK_WK_TRAVEL_1_1,questionnaire,work_and_education,converted,dictionary v14 sheet questionnaire row 40,
WORK_YRS_1_1,questionnaire,work_and_education,converted,dictionary v14 sheet questionnaire row 41,
ACTIVITY_MOD_DAYS_1_1,questionnaire,lifestyle,converted,dictionary v14 sheet questionnaire row 42,
ACTIVITY_MOD_DAYS_2_1,questionnaire,lifestyle,converted,dictionary v14 sheet questionnaire row 43,
ACTIVITY_MOD_MINS_1_1,questionnaire,lifestyle,converted,dictionary v14 sheet questionnaire row 44,
ACTIVITY_MOD_MINS_2_1,questionnaire,lifestyle,converted,dictionary v14 sheet questionnaire row 45,
ACTIVITY_STAIRS_1_1,questionnaire,lifestyle,converted,dictionary v14 sheet questionnaire row 46,
ACTIVITY_TRANSPORT_1_M,questionnaire,lifestyle,converted,dictionary v14 sheet questionnaire row 47,
ACTIVITY_TYPE_1_M,questionnaire,lifestyle,converted,dictionary v14 sheet questionnaire row 48,
ACTIVITY_TYPE_DIY_HEAVY_1_1,questionnaire,lifestyle,converted,dictionary v14 sheet questionnaire row 49,
ACTIVITY_TYPE_DIY_HEAVY_DUR_1_1,questionnaire,lifestyle,converted,dictionary v14 sheet questionnaire row 50,
ACTIVITY_TYPE_DIY_LIGHT_1_1,questionnaire,lifestyle,converted,dictionary v14 sheet questionnaire row 51,
ACTIVITY_TYPE_DIY_LIGHT_DUR_1_1,questionnaire,lifestyle,converted,dictionary v14 sheet questionnaire row 52,
ACTIVITY_TYPE_EXERCISE_1_1,questionnaire,lifestyle,converted,dictionary v14 sheet questionnaire row 53,
ACTIVITY_TYPE_EXERCISE_DUR_1_1,questionnaire,lifestyle,converted,dictionary v14 sheet questionnaire row 54,
ACTIVITY_TYPE_STREN_1_1,questionnaire,lifestyle,converted,dictionary v14 sheet questionnaire row 55,
ACTIVITY_TYPE_STREN_DUR_1_1,questionnaire,lifestyle,converted,dictionary v14 sheet questionnaire row 56,
ACTIVITY_TYPE_WALK_1_1,questionnaire,lifestyle,converted,dictionary v14 sheet questionnaire row 57,
ACTIVITY_TYPE_WALK_DUR_1_1,questionnaire,lifestyle,converted,dictionary v14 sheet questionnaire row 58,
ACTIVITY_VIG_DAYS_1_1,questionnaire,lifestyle,converted,dictionary v14 sheet questionnaire row 59,
ACTIVITY_VIG_DAYS_2_1,questionnaire,lifestyle,converted,dictionary v14 sheet questionnaire row 60,
ACTIVITY_VIG_MINS_1_1,questionnaire,lifestyle,converted,dictionary v14 sheet questionnaire row 61,
ACTIVITY_VIG_MINS_2_1,questionnaire,lifestyle,converted,dictionary v14 sheet questionnaire row 62,
ACTIVITY_WALK_DAYS_1_1,questionnaire,lifestyle,converted,dictionary v14 sheet questionnaire row 63,
ACTIVITY_WALK_DAYS_2_1,questionnaire,lifestyle,converted,dictionary v14 sheet questionnaire row 64,
ACTIVITY_WALK_MINS_1_1,questionnaire,lifestyle,converted,dictionary v14 sheet questionnaire row 65,
ACTIVITY_WALK_MINS_2_1,questionnaire,lifestyle,converted,dictionary v14 sheet questionnaire row 66,
ACTIVITY_WALK_PACE_1_1,questionnaire,lifestyle,converted,dictionary v14 sheet questionnaire row 67,
ALCOHOL_BEER_MTH_1_1,questionnaire,lifestyle,converted,dictionary v14 sheet questionnaire row 68,
ALCOHOL_BEER_MTH_2_1,questionnaire,lifestyle,converted,dictionary v14 sheet questionnaire row 69,
ALCOHOL_BEER_WK_1_1,questionnaire,lifestyle,converted,dictionary v14 sheet questionnaire row 70,
ALCOHOL_CHG_1_1,questionnaire,lifestyle,converted,dictionary v14 sheet questionnaire row 71,
ALCOHOL_CHG_ABST_REASON_1_1,questionnaire,lifestyle,converted,dictionary v14 sheet questionnaire row 72,
ALCOHOL_CHG_ABST_REASON_2_M,questionnaire,lifestyle,converted,dictionary v14 sheet questionnaire row 73,
ALCOHOL_CHG_REDUCE_REASON_1_1,questionnaire,lifestyle,converted,dictionary v14 sheet questionnaire row 74,
ALCOHOL_CHG_REDUCE_REASON_2_M,questionnaire,lifestyle,converted,dictionary v14 sheet questionnaire row 75,
ALCOHOL_CURR_1_1,questionnaire,lifestyle,converted,dictionary v14 sheet questionnaire row 76,
ALCOHOL_FOOD_1_1,questionnaire,lifestyle,converted,dictionary v14 sheet questionnaire row 77,
ALCOHOL_OTHER_MTH_1_1,questionnaire,lifestyle,converted,dictionary v14 sheet questionnaire row 78,
ALCOHOL_OTHER_MTH_2_1,questionnaire,lifestyle,converted,dictionary v14 sheet questionnaire row 79,
ALCOHOL_OTHER_WK_1_1,questionnaire,lifestyle,converted,dictionary v14 sheet questionnaire row 80,
ALCOHOL_PREV_1_1,questionnaire,lifestyle,converted,dictionary v14 sheet questionnaire row 81,
ALCOHOL_SPIRITS_MTH_1_1,questionnaire,lifestyle,converted,dictionary v14 sheet questionnaire row 82,
ALCOHOL_SPIRITS_MTH_2_1,questionnaire,lifestyle,converted,dictionary v14 sheet questionnaire row 83,
ALCOHOL_SPIRITS_WK_1_1,questionnaire,lifestyle,converted,dictionary v14 sheet questionnaire row 84,
ALCOHOL_WINE_FORT_MTH_1_1,questionnaire,lifestyle,converted,dictionary v14 sheet questionnaire row 85,
ALCOHOL_WINE_FORT_MTH_2_1,questionnaire,lifestyle,converted,dictionary v14 sheet questionnaire row 86,
ALCOHOL_WINE_FORT_WK_1_1,questionnaire,lifestyle,converted,dictionary v14 sheet questionnaire row 87,
ALCOHOL_WINE_RED_MTH_1_1,questionnaire,lifestyle,converted,dictionary v14 sheet questionnaire row 88,
ALCOHOL_WINE_RED_MTH_2_1,questionnaire,lifestyle,converted,dictionary v14 sheet questionnaire row 89,
ALCOHOL_WINE_RED_WK_1_1,questionnaire,lifestyle,converted,dictionary v14 sheet questionnaire row 90,
ALCOHOL_WINE_WHITE_MTH_1_1,questionnaire,lifestyle,converted,dictionary v14 sheet questionnaire row 91,
ALCOHOL_WINE_WHITE_MTH_2_1,questionnaire,lifestyle,converted,dictionary v14 sheet questionnaire row 92,
ALCOHOL_WINE_WHITE_WK_1_1,questionnaire,lifestyle,converted,dictionary v14 sheet questionnaire row 93,
LIFESTYLE_DRIVE_HRS_1_1,questionnaire,lifestyle,converted,dictionary v14 sheet questionnaire row 94,
LIFESTYLE_OUTDOOR_SUM_HRS_1_1,questionnaire,lifestyle,converted,dictionary v14 sheet questionnaire row 95,
LIFESTYLE_OUTDOOR_WIN_HRS_1_1,questionnaire,lifestyle,converted,dictionary v14 sheet questionnaire row 96,
LIFESTYLE_SCREEN_PC_HRS_1_1,questionnaire,lifestyle,converted,dictionary v14 sheet questionnaire row 97,
LIFESTYLE_SCREEN_PC_HRS_2_1,questionnaire,lifestyle,converted,dictionary v14 sheet questionnaire row 98,
LIFESTYLE_SCREEN_TV_HRS_1_1,questionnaire,lifestyle,converted,dictionary v14 sheet questionnaire row 99,
LIFESTYLE_SCREEN_TV_HRS_2_1,questionnaire,lifestyle,converted,dictionary v14 sheet questionnaire row 100,
LIFESTYLE_SOCIAL_REC_1_M,questionnaire,lifestyle,converted,dictionary v14 sheet questionnaire row 101,
LIFESTYLE_SOCIAL_VISITS_1_1,questionnaire,lifestyle,converted,dictionary v14 sheet questionnaire row 102,
SLEEP_CHRONOTYPE_1_1,questionnaire,lifestyle,converted,dictionary v14 sheet questionnaire row 103,
SLEEP_DAYTIME_1_1,questionnaire,lifestyle,converted,dictionary v14 sheet questionnaire row 104,
SLEEP_HRS_1_1,questionnaire,lifestyle,converted,dictionary v14 sheet questionnaire row 105,
SLEEP_NAPPING_1_1,questionnaire,lifestyle,converted,dictionary v14 sheet questionnaire row 106,
SLEEP_SNORING_1_1,questionnaire,lifestyle,converted,dictionary v14 sheet questionnaire row 107,
SLEEP_TROUBLE_1_1,questionnaire,lifestyle,converted,dictionary v14 sheet questionnaire row 108,
SLEEP_WAKING_1_1,questionnaire,lifestyle,converted,dictionary v14 sheet questionnaire row 109,
SMOKE_100_TIMES_1_1,questionnaire,lifestyle,converted,dictionary v14 sheet questionnaire row 110,
SMOKE_100_TIMES_2_1,questionnaire,lifestyle,converted,dictionary v14 sheet questionnaire row 111,
SMOKE_AVG_1_1,questionnaire,lifestyle,converted,dictionary v14 sheet questionnaire row 112,
SMOKE_AVG_2_1,questionnaire,lifestyle,converted,dictionary v14 sheet questionnaire row 113,
SMOKE_AVG_PREV_1_1,questionnaire,lifestyle,converted,dictionary v14 sheet questionnaire row 114,
SMOKE_CHG_1_1,questionnaire,lifestyle,converted,dictionary v14 sheet questionnaire row 115,
SMOKE_CHG_2_1,questionnaire,lifestyle,converted,dictionary v14 sheet questionnaire row 116,
SMOKE_CHG_ABST_1_1,questionnaire,lifestyle,converted,dictionary v14 sheet questionnaire row 117,
SMOKE_CHG_ABST_2_1,questionnaire,lifestyle,converted,dictionary v14 sheet questionnaire row 118,
SMOKE_CHG_ABST_REASON_1_M,questionnaire,lifestyle,converted,dictionary v14 sheet questionnaire row 119,
SMOKE_CHG_REDUCE_ABST_1_1,questionnaire,lifestyle,converted,dictionary v14 sheet questionnaire row 120,
SMOKE_CHG_REDUCE_ABST_REASON_1_M,questionnaire,lifestyle,converted,dictionary v14 sheet questionnaire row 121,
SMOKE_CHG_REDUCE_REASON_1_M,questionnaire,lifestyle,converted,dictionary v14 sheet questionnaire row 122,
SMOKE_CHG_REDUCE_REASON_2_M,questionnaire,lifestyle,converted,dictionary v14 sheet questionnaire row 123,
SMOKE_EXPOSE_HOUSE_HRS_1_1,questionnaire,lifestyle,converted,dictionary v14 sheet questionnaire row 124,
SMOKE_EXPOSE_OUTSIDE_HRS_1_1,questionnaire,lifestyle,converted,dictionary v14 sheet questionnaire row 125,
SMOKE_EXPOSURE_1_1,questionnaire,lifestyle,converted,dictionary v14 sheet questionnaire row 126,
SMOKE_EXPOSURE_HRS_1_1,questionnaire,lifestyle,converted,dictionary v14 sheet questionnaire row 127,
SMOKE_FIRST_AGE_1_1,questionnaire,lifestyle,converted,dictionary v14 sheet questionnaire row 128,
SMOKE_FIRST_AGE_2_1,questionnaire,lifestyle,converted,dictionary v14 sheet questionnaire row 129,
SMOKE_HOUSE_1_1,questionnaire,lifestyle,converted,dictionary v14 sheet questionnaire row 130,
SMOKE_PREV_AGE_1_1,questionnaire,lifestyle,converted,dictionary v14 sheet questionnaire row 131,
SMOKE_PREV_AGE_2_1,questionnaire,lifestyle,converted,dictionary v14 sheet questionnaire row 132,
SMOKE_PREV_REDUCE_REASON_1_M,questionnaire,lifestyle,converted,dictionary v14 sheet questionnaire row 133,
SMOKE_PREV_REDUCE_REASON_2_M,questionnaire,lifestyle,converted,dictionary v14 sheet questionnaire row 134,
SMOKE_PREV_REG_1_1,questionnaire,lifestyle,converted,dictionary v14 sheet questionnaire row 135,
SMOKE_PREV_REG_2_1,questionnaire,lifestyle,converted,dictionary v14 sheet questionnaire row 136,
SMOKE_PREV_TYPE_1_1,questionnaire,lifestyle,converted,dictionary v14 sheet questionnaire row 137,
SMOKE_REG_1_M,questionnaire,lifestyle,converted,dictionary v14 sheet questionnaire row 138,
SMOKE_REG_DAY_1_1,questionnaire,lifestyle,converted,dictionary v14 sheet questionnaire row 139,
SMOKE_REG_DAY_2_1,questionnaire,lifestyle,converted,dictionary v14 sheet questionnaire row 140,
SMOKE_REG_FIRST_AGE_1_1,questionnaire,lifestyle,converted,dictionary v14 sheet questionnaire row 141,
SMOKE_REG_FIRST_AGE_2_1,questionnaire,lifestyle,converted,dictionary v14 sheet questionnaire row 142,
SMOKE_REG_TYPE_1_1,questionnaire,lifestyle,converted,dictionary v14 sheet questionnaire row 143,
SMOKE_REG_TYPE_2_1,questionnaire,lifestyle,converted,dictionary v14 sheet questionnaire row 144,
SMOKE_STATUS_1_1,questionnaire,lifestyle,converted,dictionary v14 sheet questionnaire row 145,
SMOKE_STATUS_2_1,questionnaire,lifestyle,converted,dictionary v14 sheet questionnaire row 146,
SMOKE_TOBACCO_AGE_1_1,questionnaire,lifestyle,converted,dictionary v14 sheet questionnaire row 147,
SMOKE_TOBACCO_PREV_1_1,questionnaire,lifestyle,converted,dictionary v14 sheet questionnaire row 148,
SMOKE_TOBACCO_TYPE_1_M,questionnaire,lifestyle,converted,dictionary v14 sheet questionnaire row 149,
SMOKE_VAPE_1_1,questionnaire,lifestyle,converted,dictionary v14 sheet questionnaire row 150,
SMOKE_VAPE_AGE_1_1,questionnaire,lifestyle,converted,dictionary v14 sheet questionnaire row 151,
SMOKE_VAPE_AGE_2_1,questionnaire,lifestyle,converted,dictionary v14 sheet questionnaire row 152,
SMOKE_VAPE_AVG_1_1,questionnaire,lifestyle,converted,dictionary v14 sheet questionnaire row 153,
SMOKE_VAPE_AVG_2_1,questionnaire,lifestyle,converted,dictionary v14 sheet questionnaire row 154,
SMOKE_VAPE_TYPE_1_M,questionnaire,lifestyle,converted,dictionary v14 sheet questionnaire row 155,
SMOKE_VAPE_TYPE_2_M,questionnaire,lifestyle,converted,dictionary v14 sheet questionnaire row 156,
SMOKE_VAPE_USE_1_1,questionnaire,lifestyle,converted,dictionary v14 sheet questionnaire row 157,
SMOKE_VAPE_USE_2_1,questionnaire,lifestyle,converted,dictionary v14 sheet questionnaire row 158,
ADOPTION_STATUS_1_1,questionnaire,family_health_history,converted,dictionary v14 sheet questionnaire row 159,
BIRTH_PLACE_1_1,questionnaire,family_health_history,converted,dictionary v14 sheet questionnaire row 160,
FATHER_AGE_1_1,questionnaire,family_health_history,converted,dictionary v14 sheet questionnaire row 161,
FATHER_AGE_DECEASED_1_1,questionnaire,family_health_history,converted,dictionary v14 sheet questionnaire row 162,
FATHER_ALIVE_1_1,questionnaire,family_health_history,converted,dictionary v14 sheet questionnaire row 163,
FATHER_DIAG_A_1_M,questionnaire,family_health_history,converted,dictionary v14 sheet questionnaire row 164,
FATHER_DIAG_A_2_M,questionnaire,family_health_history,converted,dictionary v14 sheet questionnaire row 165,
FATHER_DIAG_ANAEMIA_1_M,questionnaire,family_health_history,converted,dictionary v14 sheet questionnaire row 166,
FATHER_DIAG_AUTO_1_M,questionnaire,family_health_history,converted,dictionary v14 sheet questionnaire row 167,
FATHER_DIAG_B_1_M,questionnaire,family_health_history,converted,dictionary v14 sheet questionnaire row 168,
FATHER_DIAG_CANCER_1_M,questionnaire,family_health_history,converted,dictionary v14 sheet questionnaire row 169,
FATHER_DIAG_CANCER_SKIN_1_M,questionnaire,family_health_history,converted,dictionary v14 sheet questionnaire row 170,
FATHER_DIAG_CVD_1_M,questionnaire,family_health_history,converted,dictionary v14 sheet questionnaire row 171,
FATHER_DIAG_ENDOCR_1_M,questionnaire,family_health_history,converted,dictionary v14 sheet questionnaire row 172,
FATHER_DIAG_GASTRO_1_M,questionnaire,family_health_history,converted,dictionary v14 sheet questionnaire row 173,
FATHER_DIAG_NEURO_1_M,questionnaire,family_health_history,converted,dictionary v14 sheet questionnaire row 174,
FATHER_DIAG_NEURO_DEV_1_M,questionnaire,family_health_history,converted,dictionary v14 sheet questionnaire row 175,
FATHER_DIAG_OPTHAL_1_M,questionnaire,family_health_history,converted,dictionary v14 sheet questionnaire row 176,
FATHER_DIAG_OSTEO_1_M,questionnaire,family_health_history,converted,dictionary v14 sheet questionnaire row 177,
FATHER_DIAG_PSYCH_1_M,questionnaire,family_health_history,converted,dictionary v14 sheet questionnaire row 178,
FATHER_DIAG_PSYCH_ANX_1_M,questionnaire,family_health_history,converted,dictionary v14 sheet questionnaire row 179,
FATHER_DIAG_PSYCH_DEPR_1_M,questionnaire,family_health_history,converted,dictionary v14 sheet questionnaire row 180,
FATHER_DIAG_PSYCH_EAT_1_M,questionnaire,family_health_history,converted,dictionary v14 sheet questionnaire row 181,
FATHER_DIAG_REPRO_1_M,questionnaire,family_health_history,converted,dictionary v14 sheet questionnaire row 182,
FATHER_DIAG_RESP_1_M,questionnaire,family_health_history,converted,dictionary v14 sheet questionnaire row 183,
FATHER_DIAG_UROL_1_M,questionnaire,family_health_history,converted,dictionary v14 sheet questionnaire row 184,
IMMIGRATE_UK_YR_1_1,questionnaire,family_health_history,converted,dictionary v14 sheet questionnaire row 185,
MOTHER_AGE_1_1,questionnaire,family_health_history,converted,dictionary v14 sheet questionnaire row 186,
MOTHER_AGE_DECEASED_1_1,questionnaire,family_health_history,converted,dictionary v14 sheet questionnaire row 187,
MOTHER_ALIVE_1_1,questionnaire,family_health_history,converted,dictionary v14 sheet questionnaire row 188,
MOTHER_DIAG_A_1_M,questionnaire,family_health_history,converted,dictionary v14 sheet questionnaire row 189,
MOTHER_DIAG_A_2_M,questionnaire,family_health_history,converted,dictionary v14 sheet questionnaire row 190,
MOTHER_DIAG_ANAEMIA_1_M,questionnaire,family_health_history,converted,dictionary v14 sheet questionnaire row 191,
MOTHER_DIAG_AUTO_1_M,questionnaire,family_health_history,converted,dictionary v14 sheet questionnaire row 192,
MOTHER_DIAG_B_1_M,questionnaire,family_health_history,converted,dictionary v14 sheet questionnaire row 193,
MOTHER_DIAG_CANCER_1_M,questionnaire,family_health_history,converted,dictionary v14 sheet questionnaire row 194,
MOTHER_DIAG_CANCER_SKIN_1_M,questionnaire,family_health_history,converted,dictionary v14 sheet questionnaire row 195,
MOTHER_DIAG_CVD_1_M,questionnaire,family_health_history,converted,dictionary v14 sheet questionnaire row 196,
MOTHER_DIAG_ENDOCR_1_M,questionnaire,family_health_history,converted,dictionary v14 sheet questionnaire row 197,
MOTHER_DIAG_GASTRO_1_M,questionnaire,family_health_history,converted,dictionary v14 sheet questionnaire row 198,
MOTHER_DIAG_NEURO_1_M,questionnaire,family_health_history,converted,dictionary v14 sheet questionnaire row 199,
MOTHER_DIAG_NEURO_DEV_1_M,questionnaire,family_health_history,converted,dictionary v14 sheet questionnaire row 200,
MOTHER_DIAG_OPTHAL_1_M,questionnaire,family_health_history,converted,dictionary v14 sheet questionnaire row 201,
MOTHER_DIAG_OSTEO_1_M,questionnaire,family_health_history,converted,dictionary v14 sheet questionnaire row 202,
MOTHER_DIAG_PSYCH_1_M,questionnaire,family_health_history,converted,dictionary v14 sheet questionnaire row 203,
MOTHER_DIAG_PSYCH_ANX_1_M,questionnaire,family_health_history,converted,dictionary v14 sheet questionnaire row 204,
MOTHER_DIAG_PSYCH_DEPR_1_M,questionnaire,family_health_history,converted,dictionary v14 sheet questionnaire row 205,
MOTHER_DIAG_PSYCH_EAT_1_M,questionnaire,family_health_history,converted,dictionary v14 sheet questionnaire row 206,
MOTHER_DIAG_REPRO_1_M,questionnaire,family_health_history,converted,dictionary v14 sheet questionnaire row 207,
MOTHER_DIAG_RESP_1_M,questionnaire,family_health_history,converted,dictionary v14 sheet questionnaire row 208,
MOTHER_DIAG_UROL_1_M,questionnaire,family_health_history,converted,dictionary v14 sheet questionnaire row 209,
SIBLING_DIAG_A_1_M,questionnaire,family_health_history,converted,dictionary v14 sheet questionnaire row 210,
SIBLING_DIAG_A_2_M,questionnaire,family_health_history,converted,dictionary v14 sheet questionnaire row 211,
SIBLING_DIAG_ANAEMIA_1_M,questionnaire,family_health_history,converted,dictionary v14 sheet questionnaire row 212,
SIBLING_DIAG_AUTO_1_M,questionnaire,family_health_history,converted,dictionary v14 sheet questionnaire row 213,
SIBLING_DIAG_B_1_M,questionnaire,family_health_history,converted,dictionary v14 sheet questionnaire row 214,
SIBLING_DIAG_CANCER_1_M,questionnaire,family_health_history,converted,dictionary v14 sheet questionnaire row 215,
SIBLING_DIAG_CANCER_SKIN_1_M,questionnaire,family_health_history,converted,dictionary v14 sheet questionnaire row 216,
SIBLING_DIAG_CVD_1_M,questionnaire,family_health_history,converted,dictionary v14 sheet questionnaire row 217,
SIBLING_DIAG_ENDOCR_1_M,questionnaire,family_health_history,converted,dictionary v14 sheet questionnaire row 218,
SIBLING_DIAG_GASTRO_1_M,questionnaire,family_health_history,converted,dictionary v14 sheet questionnaire row 219,
SIBLING_DIAG_NEURO_1_M,questionnaire,family_health_history,converted,dictionary v14 sheet questionnaire row 220,
SIBLING_DIAG_NEURO_DEV_1_M,questionnaire,family_health_history,converted,dictionary v14 sheet questionnaire row 221,
SIBLING_DIAG_OPTHAL_1_M,questionnaire,family_health_history,converted,dictionary v14 sheet questionnaire row 222,
SIBLING_DIAG_OSTEO_1_M,questionnaire,family_health_history,converted,dictionary v14 sheet questionnaire row 223,
SIBLING_DIAG_PSYCH_1_M,questionnaire,family_health_history,converted,dictionary v14 sheet questionnaire row 224,
SIBLING_DIAG_PSYCH_ANX_1_M,questionnaire,family_health_history,converted,dictionary v14 sheet questionnaire row 225,
SIBLING_DIAG_PSYCH_DEPR_1_M,questionnaire,family_health_history,converted,dictionary v14 sheet questionnaire row 226,
SIBLING_DIAG_PSYCH_EAT_1_M,questionnaire,family_health_history,converted,dictionary v14 sheet questionnaire row 227,
SIBLING_DIAG_REPRO_1_M,questionnaire,family_health_history,converted,dictionary v14 sheet questionnaire row 228,
SIBLING_DIAG_RESP_1_M,questionnaire,family_health_history,converted,dictionary v14 sheet questionnaire row 229,
SIBLING_DIAG_UROL_1_M,questionnaire,family_health_history,converted,dictionary v14 sheet questionnaire row 230,
SIBLING_NUM_BROTHERS_1_1,questionnaire,family_health_history,converted,dictionary v14 sheet questionnaire row 231,
SIBLING_NUM_SISTERS_1_1,questionnaire,family_health_history,converted,dictionary v14 sheet questionnaire row 232,
CHILDREN_BIO_FIRST_AGE_1_1,questionnaire,medical_history,converted,dictionary v14 sheet questionnaire row 233,
CHILDREN_BIO_LAST_AGE_1_1,questionnaire,medical_history,converted,dictionary v14 sheet questionnaire row 234,
CHILDREN_BIO_NUM_1_1,questionnaire,medical_history,converted,dictionary v14 sheet questionnaire row 235,
CHILDREN_BIO_NUM_2_1,questionnaire,medical_history,converted,dictionary v14 sheet questionnaire row 236,
CHILDREN_BIRTHED_FIRST_AGE_1_1,questionnaire,medical_history,converted,dictionary v14 sheet questionnaire row 237,
CHILDREN_BIRTHED_LAST_AGE_1_1,questionnaire,medical_history,converted,dictionary v14 sheet questionnaire row 238,
CHILDREN_BIRTHED_NUM_1_1,questionnaire,medical_history,converted,dictionary v14 sheet questionnaire row 239,
DIAG_1_M,questionnaire,medical_history,converted,dictionary v14 sheet questionnaire row 240,
DIAG_2_M,questionnaire,medical_history,converted,dictionary v14 sheet questionnaire row 241,
DIAG_ANAEMIA_1_M,questionnaire,medical_history,converted,dictionary v14 sheet questionnaire row 242,
DIAG_AUTO_1_M,questionnaire,medical_history,converted,dictionary v14 sheet questionnaire row 243,
DIAG_CANCER_1_M,questionnaire,medical_history,converted,dictionary v14 sheet questionnaire row 244,
DIAG_CANCER_SKIN_1_M,questionnaire,medical_history,converted,dictionary v14 sheet questionnaire row 245,
DIAG_CVD_1_M,questionnaire,medical_history,converted,dictionary v14 sheet questionnaire row 246,
DIAG_ENDOCR_1_M,questionnaire,medical_history,converted,dictionary v14 sheet questionnaire row 247,
DIAG_GASTRO_1_M,questionnaire,medical_history,converted,dictionary v14 sheet questionnaire row 248,
DIAG_NEURO_1_M,questionnaire,medical_history,converted,dictionary v14 sheet questionnaire row 249,
DIAG_NEURO_DEV_1_M,questionnaire,medical_history,converted,dictionary v14 sheet questionnaire row 250,
DIAG_OB_1_M,questionnaire,medical_history,converted,dictionary v14 sheet questionnaire row 251,
DIAG_OPTHAL_1_M,questionnaire,medical_history,converted,dictionary v14 sheet questionnaire row 252,
DIAG_OSTEO_1_M,questionnaire,medical_history,converted,dictionary v14 sheet questionnaire row 253,
DIAG_PSYCH_1_M,questionnaire,medical_history,converted,dictionary v14 sheet questionnaire row 254,
DIAG_PSYCH_ANX_1_M,questionnaire,medical_history,converted,dictionary v14 sheet questionnaire row 255,
DIAG_PSYCH_DEPR_1_M,questionnaire,medical_history,converted,dictionary v14 sheet questionnaire row 256,
DIAG_PSYCH_EAT_1_M,questionnaire,medical_history,converted,dictionary v14 sheet questionnaire row 257,
DIAG_REPRO_1_M,questionnaire,medical_history,converted,dictionary v14 sheet questionnaire row 258,
DIAG_RESP_1_M,questionnaire,medical_history,converted,dictionary v14 sheet questionnaire row 259,
DIAG_UROL_1_M,questionnaire,medical_history,converted,dictionary v14 sheet questionnaire row 260,
GAD7_IMPAIR_1_1,questionnaire,medical_history,converted,dictionary v14 sheet questionnaire row 261,
GAD7_ITEM1_ANX_1_1,questionnaire,medical_history,converted,dictionary v14 sheet questionnaire row 262,
GAD7_ITEM2_WORRY_CONTROL_1_1,questionnaire,medical_history,converted,dictionary v14 sheet questionnaire row 263,
GAD7_ITEM3_WORRY_AMOUNT_1_1,questionnaire,medical_history,converted,dictionary v14 sheet questionnaire row 264,
GAD7_ITEM4_RELAX_1_1,questionnaire,medical_history,converted,dictionary v14 sheet questionnaire row 265,
GAD7_ITEM5_RESTLESS_1_1,questionnaire,medical_history,converted,dictionary v14 sheet questionnaire row 266,
GAD7_ITEM6_ANNOYED_1_1,questionnaire,medical_history,converted,dictionary v14 sheet questionnaire row 267,
GAD7_ITEM7_AFRAID_1_1,questionnaire,medical_history,converted,dictionary v14 sheet questionnaire row 268,
GYN_CONTRACEPT_IMPLANT_1_1,questionnaire,medical_history,converted,dictionary v14 sheet questionnaire row 269,
GYN_CONTRACEPT_METHODS_1_M,questionnaire,medical_history,converted,dictionary v14 sheet questionnaire row 270,
GYN_CONTRACEPT_PILL_1_1,questionnaire,medical_history,converted,dictionary v14 sheet questionnaire row 271,
GYN_CONTRACEPT_PILL_FIRST_AGE_1_1,questionnaire,medical_history,converted,dictionary v14 sheet questionnaire row 272,
GYN_CONTRACEPT_PILL_LAST_AGE_1_1,questionnaire,medical_history,converted,dictionary v14 sheet questionnaire row 273,
GYN_HRT_1_1,questionnaire,medical_history,converted,dictionary v14 sheet questionnaire row 274,
GYN_HRT_FIRST_TRT_AGE_1_1,questionnaire,medical_history,converted,dictionary v14 sheet questionnaire row 275,
GYN_HRT_LAST_TRT_AGE_1_1,questionnaire,medical_history,converted,dictionary v14 sheet questionnaire row 276,
GYN_HYST_1_1,questionnaire,medical_history,converted,dictionary v14 sheet questionnaire row 277,
GYN_HYST_AGE_1_1,questionnaire,medical_history,converted,dictionary v14 sheet questionnaire row 278,
GYN_MENOPAUSE_1_1,questionnaire,medical_history,converted,dictionary v14 sheet questionnaire row 279,
GYN_MENOPAUSE_2_1,questionnaire,medical_history,converted,dictionary v14 sheet questionnaire row 280,
GYN_MENOPAUSE_LAST_PERIOD_AGE_1_1,questionnaire,medical_history,converted,dictionary v14 sheet questionnaire row 281,
GYN_MENOPAUSE_LAST_PERIOD_AGE_2_1,questionnaire,medical_history,converted,dictionary v14 sheet questionnaire row 282,
GYN_MENSTR_AGE_1_1,questionnaire,medical_history,converted,dictionary v14 sheet questionnaire row 283,
GYN_MENSTR_CYCLE_DAYS_1_1,questionnaire,medical_history,converted,dictionary v14 sheet questionnaire row 284,
GYN_MENSTR_CYCLE_DAYS_2_1,questionnaire,medical_history,converted,dictionary v14 sheet questionnaire row 285,
GYN_MENSTR_LAST_PERIOD_DAYS_1_1,questionnaire,medical_history,converted,dictionary v14 sheet questionnaire row 286,
GYN_MENSTR_LAST_PERIOD_DAYS_2_1,questionnaire,medical_history,converted,dictionary v14 sheet questionnaire row 287,
GYN_OOPH_1_1,questionnaire,medical_history,converted,dictionary v14 sheet questionnaire row 288,
GYN_OOPH_AGE_1_1,questionnaire,medical_history,converted,dictionary v14 sheet questionnaire row 289,
HEALTH_AMPUTATION_1_1,questionnaire,medical_history,converted,dictionary v14 sheet questionnaire row 290,
HEALTH_CHECK_COLORECTAL_1_1,questionnaire,medical_history,converted,dictionary v14 sheet questionnaire row 291,
HEALTH_CHECK_COLORECTAL_YRS_1_1,questionnaire,medical_history,converted,dictionary v14 sheet questionnaire row 292,
HEALTH_CHECK_MAMMOGRAM_1_1,questionnaire,medical_history,converted,dictionary v14 sheet questionnaire row 293,
HEALTH_CHECK_MAMMOGRAM_YRS_1_1,questionnaire,medical_history,converted,dictionary v14 sheet questionnaire row 294,
HEALTH_CHECK_PROSTATE_1_1,questionnaire,medical_history,converted,dictionary v14 sheet questionnaire row 295,
HEALTH_CHECK_PROSTATE_YRS_1_1,questionnaire,medical_history,converted,dictionary v14 sheet questionnaire row 296,
HEALTH_CHECK_SMEAR_1_1,questionnaire,medical_history,converted,dictionary v14 sheet questionnaire row 297,
HEALTH_CHECK_SMEAR_YRS_1_1,questionnaire,medical_history,converted,dictionary v14 sheet questionnaire row 298,
HEALTH_COVID_1_1,questionnaire,medical_history,converted,dictionary v14 sheet questionnaire row 299,
HEALTH_DENTAL_1_M,questionnaire,medical_history,converted,dictionary v14 sheet questionnaire row 300,
HEALTH_FALLS_1_1,questionnaire,medical_history,converted,dictionary v14 sheet questionnaire row 301,
HEALTH_PAIN_ACUTE_1_M,questionnaire,medical_history,converted,dictionary v14 sheet questionnaire row 302,
HEALTH_PAIN_ACUTE_2_M,questionnaire,medical_history,converted,dictionary v14 sheet questionnaire row 303,
HEALTH_PAIN_CHEST_1_1,questionnaire,medical_history,converted,dictionary v14 sheet questionnaire row 304,
HEALTH_PAIN_CHEST_SUBSIDE_1_1,questionnaire,medical_history,converted,dictionary v14 sheet questionnaire row 305,
HEALTH_PAIN_CHEST_WALK_1_1,questionnaire,medical_history,converted,dictionary v14 sheet questionnaire row 306,
HEALTH_PAIN_CHEST_WALK_UPHILL_1_1,questionnaire,medical_history,converted,dictionary v14 sheet questionnaire row 307,
HEALTH_PAIN_CHRONIC_1_M,questionnaire,medical_history,converted,dictionary v14 sheet questionnaire row 308,
HEALTH_PAIN_CHRONIC_BACK_1_1,questionnaire,medical_history,converted,dictionary v14 sheet questionnaire row 309,
HEALTH_PAIN_CHRONIC_BODY_1_1,questionnaire,medical_history,converted,dictionary v14 sheet questionnaire row 310,
HEALTH_PAIN_CHRONIC_FACE_1_1,questionnaire,medical_history,converted,dictionary v14 sheet questionnaire row 311,
HEALTH_PAIN_CHRONIC_HEADACHE_1_1,questionnaire,medical_history,converted,dictionary v14 sheet questionnaire row 312,
HEALTH_PAIN_CHRONIC_HIP_1_1,questionnaire,medical_history,converted,dictionary v14 sheet questionnaire row 313,
HEALTH_PAIN_CHRONIC_KNEE_1_1,questionnaire,medical_history,converted,dictionary v14 sheet questionnaire row 314,
HEALTH_PAIN_CHRONIC_SHOULDER_1_1,questionnaire,medical_history,converted,dictionary v14 sheet questionnaire row 315,
HEALTH_PAIN_CHRONIC_STOMACH_1_1,questionnaire,medical_history,converted,dictionary v14 sheet questionnaire row 316,
HEALTH_PAIN_LEG_1_1,questionnaire,medical_history,converted,dictionary v14 sheet questionnaire row 317,
HEALTH_RESP_SHORT_1_1,questionnaire,medical_history,converted,dictionary v14 sheet questionnaire row 318,
HEALTH_RESP_WHEEZE_1_1,questionnaire,medical_history,converted,dictionary v14 sheet questionnaire row 319,
HEALTH_STATUS_CHRONIC_1_1,questionnaire,medical_history,converted,dictionary v14 sheet questionnaire row 320,
HEALTH_STATUS_CURR_1_1,questionnaire,medical_history,converted,dictionary v14 sheet questionnaire row 321,
HEALTH_STATUS_DISABILITY_1_1,questionnaire,medical_history,converted,dictionary v14 sheet questionnaire row 322,
HEALTH_STATUS_DISABILITY_SUPPORT_1_M,questionnaire,medical_history,converted,dictionary v14 sheet questionnaire row 323,
HEALTH_STATUS_PRIVATE_HEALTHCARE_1_1,questionnaire,medical_history,converted,dictionary v14 sheet questionnaire row 324,
HEALTH_SUN_PROTECT_1_1,questionnaire,medical_history,converted,dictionary v14 sheet questionnaire row 325,
HEALTH_SUN_SOLARIUM_1_1,questionnaire,medical_history,converted,dictionary v14 sheet questionnaire row 326,
HEALTH_WEIGHT_CHG_1_1,questionnaire,medical_history,converted,dictionary v14 sheet questionnaire row 327,
MEDICAT_1_M,questionnaire,medical_history,converted,dictionary v14 sheet questionnaire row 328,
MEDICAT_A_1_M,questionnaire,medical_history,converted,dictionary v14 sheet questionnaire row 329,
MEDICAT_AUTO_1_M,questionnaire,medical_history,converted,dictionary v14 sheet questionnaire row 330,
MEDICAT_B_1_M,questionnaire,medical_history,converted,dictionary v14 sheet questionnaire row 331,
MEDICAT_C_1_M,questionnaire,medical_history,converted,dictionary v14 sheet questionnaire row 332,
MEDICAT_CANCER_1_M,questionnaire,medical_history,converted,dictionary v14 sheet questionnaire row 333,
MEDICAT_CVD_1_M,questionnaire,medical_history,converted,dictionary v14 sheet questionnaire row 334,
MEDICAT_D_1_M,questionnaire,medical_history,converted,dictionary v14 sheet questionnaire row 335,
MEDICAT_DIAB_1_M,questionnaire,medical_history,converted,dictionary v14 sheet questionnaire row 336,
MEDICAT_ENDOCR_1_M,questionnaire,medical_history,converted,dictionary v14 sheet questionnaire row 337,
MEDICAT_GASTRO_1_M,questionnaire,medical_history,converted,dictionary v14 sheet questionnaire row 338,
MEDICAT_NEURO_1_M,questionnaire,medical_history,converted,dictionary v14 sheet questionnaire row 339,
MEDICAT_OSTEO_1_M,questionnaire,medical_history,converted,dictionary v14 sheet questionnaire row 340,
MEDICAT_PAIN_1_M,questionnaire,medical_history,converted,dictionary v14 sheet questionnaire row 341,
MEDICAT_PRESCRIPT_1_M,questionnaire,medical_history,converted,dictionary v14 sheet questionnaire row 342,
MEDICAT_PSYCH_1_M,questionnaire,medical_history,converted,dictionary v14 sheet questionnaire row 343,
MEDICAT_PSYCH_ANTIDEPR_1_M,questionnaire,medical_history,converted,dictionary v14 sheet questionnaire row 344,
MEDICAT_PSYCH_ANTIPSYCH_1_M,questionnaire,medical_history,converted,dictionary v14 sheet questionnaire row 345,
MEDICAT_REPRO_1_M,questionnaire,medical_history,converted,dictionary v14 sheet questionnaire row 346,
MEDICAT_REPRO_CONTRACEPT_1_M,questionnaire,medical_history,converted,dictionary v14 sheet questionnaire row 347,
MEDICAT_RESP_1_M,questionnaire,medical_history,converted,dictionary v14 sheet questionnaire row 348,
MEDICAT_SUPPL_1_M,questionnaire,medical_history,converted,dictionary v14 sheet questionnaire row 349,
PHQ9_IMPAIR_1_1,questionnaire,medical_history,converted,dictionary v14 sheet questionnaire row 350,
PHQ9_ITEM1_INTEREST_1_1,questionnaire,medical_history,converted,dictionary v14 sheet questionnaire row 351,
PHQ9_ITEM2_DOWN_1_1,questionnaire,medical_history,converted,dictionary v14 sheet questionnaire row 352,
PHQ9_ITEM3_SLEEP_1_1,questionnaire,medical_history,converted,dictionary v14 sheet questionnaire row 353,
PHQ9_ITEM4_ENERGY_1_1,questionnaire,medical_history,converted,dictionary v14 sheet questionnaire row 354,
PHQ9_ITEM5_APPETITE_1_1,questionnaire,medical_history,converted,dictionary v14 sheet questionnaire row 355,
PHQ9_ITEM6_BAD_1_1,questionnaire,medical_history,converted,dictionary v14 sheet questionnaire row 356,
PHQ9_ITEM7_CONCENTR_1_1,questionnaire,medical_history,converted,dictionary v14 sheet questionnaire row 357,
PHQ9_ITEM8_MOVEMENT_1_1,questionnaire,medical_history,converted,dictionary v14 sheet questionnaire row 358,
PHQ9_ITEM9_HARM_1_1,questionnaire,medical_history,converted,dictionary v14 sheet questionnaire row 359,
SKIP_PHQ9_GAD7_1_1,questionnaire,medical_history,converted,dictionary v14 sheet questionnaire row 360,
ID,clinic_measurements,clinic_measurements,converted,dictionary v14 sheet clinic_measurements row 2,
PID,clinic_measurements,clinic_measurements,converted,dictionary v14 sheet clinic_measurements row 3,
APPOINTMENT_VERSION,clinic_measurements,clinic_measurements,converted,dictionary v14 sheet clinic_measurements row 4,
APPOINTMENT_DATETIME,clinic_measurements,clinic_measurements,converted,dictionary v14 sheet clinic_measurements row 5,
HEIGHT,clinic_measurements,clinic_measurements,converted,dictionary v14 sheet clinic_measurements row 6,
WEIGHT,clinic_measurements,clinic_measurements,converted,dictionary v14 sheet clinic_measurements row 7,
WAIST,clinic_measurements,clinic_measurements,converted,dictionary v14 sheet clinic_measurements row 8,
HEART_FIRST_RATE,clinic_measurements,clinic_measurements,converted,dictionary v14 sheet clinic_measurements row 9,
HEART_FIRST_BP_SYSTOLIC,clinic_measurements,clinic_measurements,converted,dictionary v14 sheet clinic_measurements row 10,
HEART_FIRST_BP_DIASTOLIC,clinic_measurements,clinic_measurements,converted,dictionary v14 sheet clinic_measurements row 11,
HEART_SECOND_RATE,clinic_measurements,clinic_measurements,converted,dictionary v14 sheet clinic_measurements row 12,
HEART_SECOND_BP_SYSTOLIC,clinic_measurements,clinic_measurements,converted,dictionary v14 sheet clinic_measurements row 13,
HEART_SECOND_BP_DIASTOLIC,clinic_measurements,clinic_measurements,converted,dictionary v14 sheet clinic_measurements row 14,
HEART_THIRD_RATE,clinic_measurements,clinic_measurements,converted,dictionary v14 sheet clinic_measurements row 15,
HEART_THIRD_BP_SYSTOLIC,clinic_measurements,clinic_measurements,converted,dictionary v14 sheet clinic_measurements row 16,
HEART_THIRD_BP_DIASTOLIC,clinic_measurements,clinic_measurements,converted,dictionary v14 sheet clinic_measurements row 17,
HEIGHT_SKIPPED,clinic_measurements,clinic_measurements,converted,dictionary v14 sheet clinic_measurements row 18,
WEIGHT_SKIPPED,clinic_measurements,clinic_measurements,converted,dictionary v14 sheet clinic_measurements row 19,
WAIST_SKIPPED,clinic_measurements,clinic_measurements,converted,dictionary v14 sheet clinic_measurements row 20,
HEART_FIRST_SKIPPED,clinic_measurements,clinic_measurements,converted,dictionary v14 sheet clinic_measurements row 21,
HEART_SECOND_SKIPPED,clinic_measurements,clinic_measurements,converted,dictionary v14 sheet clinic_measurements row 22,
HEART_THIRD_SKIPPED,clinic_measurements,clinic_measurements,converted,dictionary v14 sheet clinic_measurements row 23,
HEIGHT_SKIPPED_REASON,clinic_measurements,clinic_measurements,converted,dictionary v14 sheet clinic_measurements row 24,
WEIGHT_SKIPPED_REASON,clinic_measurements,clinic_measurements,converted,dictionary v14 sheet clinic_measurements row 25,
WAIST_SKIPPED_REASON,clinic_measurements,clinic_measurements,converted,dictionary v14 sheet clinic_measurements row 26,
HEART_FIRST_RHYTHM,clinic_measurements,clinic_measurements,converted,dictionary v14 sheet clinic_measurements row 27,
HEART_SECOND_RHYTHM,clinic_measurements,clinic_measurements,converted,dictionary v14 sheet clinic_measurements row 28,
HEART_THIRD_RHYTHM,clinic_measurements,clinic_measurements,converted,dictionary v14 sheet clinic_measurements row 29,
HEART_FIRST_SKIPPED_REASON,clinic_measurements,clinic_measurements,converted,dictionary v14 sheet clinic_measurements row 30,
HEART_SECOND_SKIPPED_REASON,clinic_measurements,clinic_measurements,converted,dictionary v14 sheet clinic_measurements row 31,
HEART_THIRD_SKIPPED_REASON,clinic_measurements,clinic_measurements,converted,dictionary v14 sheet clinic_measurements row 32,
CLINIC_SITE_REF,clinic_measurements,clinic_measurements,converted,dictionary v14 sheet clinic_measurements row 33,
CLINIC_PROVIDER,clinic_measurements,clinic_measurements,converted,dictionary v14 sheet clinic_measurements row 34,
IS_MOBILE_CLINIC,clinic_measurements,clinic_measurements,converted,dictionary v14 sheet clinic_measurements row 35,
ID,poct_lipid_profile,poct_lipid_profile,converted,dictionary v14 sheet poct_lipid_profile row 2,
PID,poct_lipid_profile,poct_lipid_profile,converted,dictionary v14 sheet poct_lipid_profile row 3,
APPOINTMENT_VERSION,poct_lipid_profile,poct_lipid_profile,converted,dictionary v14 sheet poct_lipid_profile row 4,
APPOINTMENT_DATETIME,poct_lipid_profile,poct_lipid_profile,converted,dictionary v14 sheet poct_lipid_profile row 5,
FIRST_READING_SKIPPED,poct_lipid_profile,poct_lipid_profile,converted,dictionary v14 sheet poct_lipid_profile row 6,
FIRST_READING_SKIPPED_REASON,poct_lipid_profile,poct_lipid_profile,converted,dictionary v14 sheet poct_lipid_profile row 7,
TC_FIRST_READING,poct_lipid_profile,poct_lipid_profile,converted,dictionary v14 sheet poct_lipid_profile row 8,
HDL_FIRST_READING,poct_lipid_profile,poct_lipid_profile,converted,dictionary v14 sheet poct_lipid_profile row 9,
TG_FIRST_READING,poct_lipid_profile,poct_lipid_profile,converted,dictionary v14 sheet poct_lipid_profile row 10,
LDL_FIRST_READING,poct_lipid_profile,poct_lipid_profile,converted,dictionary v14 sheet poct_lipid_profile row 11,
NONHDL_FIRST_READING,poct_lipid_profile,poct_lipid_profile,converted,dictionary v14 sheet poct_lipid_profile row 12,
TC_HDL_RATIO_FIRST_READING,poct_lipid_profile,poct_lipid_profile,converted,dictionary v14 sheet poct_lipid_profile row 13,
SECOND_READING_SKIPPED,poct_lipid_profile,poct_lipid_profile,converted,dictionary v14 sheet poct_lipid_profile row 14,
TC_SECOND_READING,poct_lipid_profile,poct_lipid_profile,converted,dictionary v14 sheet poct_lipid_profile row 15,
HDL_SECOND_READING,poct_lipid_profile,poct_lipid_profile,converted,dictionary v14 sheet poct_lipid_profile row 16,
TG_SECOND_READING,poct_lipid_profile,poct_lipid_profile,converted,dictionary v14 sheet poct_lipid_profile row 17,
LDL_SECOND_READING,poct_lipid_profile,poct_lipid_profile,converted,dictionary v14 sheet poct_lipid_profile row 18,
NONHDL_SECOND_READING,poct_lipid_profile,poct_lipid_profile,converted,dictionary v14 sheet poct_lipid_profile row 19,
TC_HDL_RATIO_SECOND_READING,poct_lipid_profile,poct_lipid_profile,converted,dictionary v14 sheet poct_lipid_profile row 20,
ID,country_region,country_region,converted,dictionary v14 sheet participant_geographies row 2,
PID,country_region,country_region,converted,dictionary v14 sheet participant_geographies row 3,
COUNTRY_AT_REG,country_region,country_region,converted,dictionary v14 sheet participant_geographies row 4,
REGION_AT_REG,country_region,country_region,converted,dictionary v14 sheet participant_geographies row 5,
PID,lsoa,lsoa,dropped,dictionary v14 sheet participant_geographies row 6,outside CD3's request to OFH (D132)
ID,lsoa,lsoa,dropped,dictionary v14 sheet participant_geographies row 7,outside CD3's request to OFH (D132)
LSOA_AT_REG,lsoa,lsoa,dropped,dictionary v14 sheet participant_geographies row 8,outside CD3's request to OFH (D132)
PID,msoa,msoa,dropped,dictionary v14 sheet participant_geographies row 9,outside CD3's request to OFH (D132)
ID,msoa,msoa,dropped,dictionary v14 sheet participant_geographies row 10,outside CD3's request to OFH (D132)
MSOA_AT_REG,msoa,msoa,dropped,dictionary v14 sheet participant_geographies row 11,outside CD3's request to OFH (D132)
PID,intermediate_zones,intermediate_zones,dropped,dictionary v14 sheet participant_geographies row 12,outside CD3's request to OFH (D132)
ID,intermediate_zones,intermediate_zones,dropped,dictionary v14 sheet participant_geographies row 13,outside CD3's request to OFH (D132)
IZ_AT_REG,intermediate_zones,intermediate_zones,dropped,dictionary v14 sheet participant_geographies row 14,outside CD3's request to OFH (D132)
EVENT_DATE,nhse_eng_canpat,nhse_eng_canpat,converted,dictionary v14 sheet linked_nhse_health_records row 2,
EVENT_END,nhse_eng_canpat,nhse_eng_canpat,converted,dictionary v14 sheet linked_nhse_health_records row 3,
EVENT_PROPERTY_1,nhse_eng_canpat,nhse_eng_canpat,converted,dictionary v14 sheet linked_nhse_health_records row 4,
EVENT_PROPERTY_2,nhse_eng_canpat,nhse_eng_canpat,converted,dictionary v14 sheet linked_nhse_health_records row 5,
EVENT_PROPERTY_3,nhse_eng_canpat,nhse_eng_canpat,converted,dictionary v14 sheet linked_nhse_health_records row 6,
EVENT_TYPE,nhse_eng_canpat,nhse_eng_canpat,converted,dictionary v14 sheet linked_nhse_health_records row 7,
PID,nhse_eng_canpat,nhse_eng_canpat,converted,dictionary v14 sheet linked_nhse_health_records row 8,
PSEUDONYMISED_AVPID,nhse_eng_canpat,nhse_eng_canpat,converted,dictionary v14 sheet linked_nhse_health_records row 9,
PSEUDONYMISED_TUMOURID,nhse_eng_canpat,nhse_eng_canpat,converted,dictionary v14 sheet linked_nhse_health_records row 10,
ROW_ID,nhse_eng_canpat,nhse_eng_canpat,converted,dictionary v14 sheet linked_nhse_health_records row 11,
SOURCE_ID,nhse_eng_canpat,nhse_eng_canpat,converted,dictionary v14 sheet linked_nhse_health_records row 12,
SOURCE_TABLE,nhse_eng_canpat,nhse_eng_canpat,converted,dictionary v14 sheet linked_nhse_health_records row 13,
BEHAVIOUR_CODED,nhse_eng_canreg_pattumour,nhse_eng_canreg_pattumour,converted,dictionary v14 sheet linked_nhse_health_records row 14,
BEHAVIOUR_CODED_DESC,nhse_eng_canreg_pattumour,nhse_eng_canreg_pattumour,converted,dictionary v14 sheet linked_nhse_health_records row 15,
BEHAVIOUR_ICD10_O2,nhse_eng_canreg_pattumour,nhse_eng_canreg_pattumour,converted,dictionary v14 sheet linked_nhse_health_records row 16,
BIGTUMOURCOUNT,nhse_eng_canreg_pattumour,nhse_eng_canreg_pattumour,converted,dictionary v14 sheet linked_nhse_health_records row 17,
CODING_SYSTEM,nhse_eng_canreg_pattumour,nhse_eng_canreg_pattumour,converted,dictionary v14 sheet linked_nhse_health_records row 18,
CODING_SYSTEM_DESC,nhse_eng_canreg_pattumour,nhse_eng_canreg_pattumour,converted,dictionary v14 sheet linked_nhse_health_records row 19,
DIAGNOSISDATE1,nhse_eng_canreg_pattumour,nhse_eng_canreg_pattumour,converted,dictionary v14 sheet linked_nhse_health_records row 20,
DIAGNOSISDATE2,nhse_eng_canreg_pattumour,nhse_eng_canreg_pattumour,converted,dictionary v14 sheet linked_nhse_health_records row 21,
DIAGNOSISDATEBEST,nhse_eng_canreg_pattumour,nhse_eng_canreg_pattumour,converted,dictionary v14 sheet linked_nhse_health_records row 22,
DUKES,nhse_eng_canreg_pattumour,nhse_eng_canreg_pattumour,converted,dictionary v14 sheet linked_nhse_health_records row 23,
ER_SCORE,nhse_eng_canreg_pattumour,nhse_eng_canreg_pattumour,converted,dictionary v14 sheet linked_nhse_health_records row 24,
ER_STATUS,nhse_eng_canreg_pattumour,nhse_eng_canreg_pattumour,converted,dictionary v14 sheet linked_nhse_health_records row 25,
FIGO,nhse_eng_canreg_pattumour,nhse_eng_canreg_pattumour,converted,dictionary v14 sheet linked_nhse_health_records row 26,
GLEASON_COMBINED,nhse_eng_canreg_pattumour,nhse_eng_canreg_pattumour,converted,dictionary v14 sheet linked_nhse_health_records row 27,
GLEASON_PRIMARY,nhse_eng_canreg_pattumour,nhse_eng_canreg_pattumour,converted,dictionary v14 sheet linked_nhse_health_records row 28,
GLEASON_SECONDARY,nhse_eng_canreg_pattumour,nhse_eng_canreg_pattumour,converted,dictionary v14 sheet linked_nhse_health_records row 29,
GLEASON_TERTIARY,nhse_eng_canreg_pattumour,nhse_eng_canreg_pattumour,converted,dictionary v14 sheet linked_nhse_health_records row 30,
GRADE,nhse_eng_canreg_pattumour,nhse_eng_canreg_pattumour,converted,dictionary v14 sheet linked_nhse_health_records row 31,
HER2_STATUS,nhse_eng_canreg_pattumour,nhse_eng_canreg_pattumour,converted,dictionary v14 sheet linked_nhse_health_records row 32,
HISTOLOGY_CODED,nhse_eng_canreg_pattumour,nhse_eng_canreg_pattumour,converted,dictionary v14 sheet linked_nhse_health_records row 33,
HISTOLOGY_CODED_DESC,nhse_eng_canreg_pattumour,nhse_eng_canreg_pattumour,converted,dictionary v14 sheet linked_nhse_health_records row 34,
IMD_QUINTILE,nhse_eng_canreg_pattumour,nhse_eng_canreg_pattumour,converted,dictionary v14 sheet linked_nhse_health_records row 35,
LATERALITY,nhse_eng_canreg_pattumour,nhse_eng_canreg_pattumour,converted,dictionary v14 sheet linked_nhse_health_records row 36,
MORPH_CODED,nhse_eng_canreg_pattumour,nhse_eng_canreg_pattumour,converted,dictionary v14 sheet linked_nhse_health_records row 37,
MORPH_ICD10_O2,nhse_eng_canreg_pattumour,nhse_eng_canreg_pattumour,converted,dictionary v14 sheet linked_nhse_health_records row 38,
M_BEST,nhse_eng_canreg_pattumour,nhse_eng_canreg_pattumour,converted,dictionary v14 sheet linked_nhse_health_records row 39,
NODESEXCISED,nhse_eng_canreg_pattumour,nhse_eng_canreg_pattumour,converted,dictionary v14 sheet linked_nhse_health_records row 40,
NODESINVOLVED,nhse_eng_canreg_pattumour,nhse_eng_canreg_pattumour,converted,dictionary v14 sheet linked_nhse_health_records row 41,
NPI,nhse_eng_canreg_pattumour,nhse_eng_canreg_pattumour,converted,dictionary v14 sheet linked_nhse_health_records row 42,
N_BEST,nhse_eng_canreg_pattumour,nhse_eng_canreg_pattumour,converted,dictionary v14 sheet linked_nhse_health_records row 43,
PID,nhse_eng_canreg_pattumour,nhse_eng_canreg_pattumour,converted,dictionary v14 sheet linked_nhse_health_records row 44,
PR_SCORE,nhse_eng_canreg_pattumour,nhse_eng_canreg_pattumour,converted,dictionary v14 sheet linked_nhse_health_records row 45,
PR_STATUS,nhse_eng_canreg_pattumour,nhse_eng_canreg_pattumour,converted,dictionary v14 sheet linked_nhse_health_records row 46,
PSEUDONYMISED_TUMOURID,nhse_eng_canreg_pattumour,nhse_eng_canreg_pattumour,converted,dictionary v14 sheet linked_nhse_health_records row 47,
ROW_ID,nhse_eng_canreg_pattumour,nhse_eng_canreg_pattumour,converted,dictionary v14 sheet linked_nhse_health_records row 48,
SCREENDETECTED,nhse_eng_canreg_pattumour,nhse_eng_canreg_pattumour,converted,dictionary v14 sheet linked_nhse_health_records row 49,
SCREENINGSTATUSCOSD_CODE,nhse_eng_canreg_pattumour,nhse_eng_canreg_pattumour,converted,dictionary v14 sheet linked_nhse_health_records row 50,
SCREENINGSTATUSCOSD_NAME,nhse_eng_canreg_pattumour,nhse_eng_canreg_pattumour,converted,dictionary v14 sheet linked_nhse_health_records row 51,
SCREENINGSTATUSFULL_CODE,nhse_eng_canreg_pattumour,nhse_eng_canreg_pattumour,converted,dictionary v14 sheet linked_nhse_health_records row 52,
SCREENINGSTATUSFULL_NAME,nhse_eng_canreg_pattumour,nhse_eng_canreg_pattumour,converted,dictionary v14 sheet linked_nhse_health_records row 53,
SITE_CODED,nhse_eng_canreg_pattumour,nhse_eng_canreg_pattumour,converted,dictionary v14 sheet linked_nhse_health_records row 54,
SITE_CODED_3CHAR,nhse_eng_canreg_pattumour,nhse_eng_canreg_pattumour,converted,dictionary v14 sheet linked_nhse_health_records row 55,
SITE_CODED_DESC,nhse_eng_canreg_pattumour,nhse_eng_canreg_pattumour,converted,dictionary v14 sheet linked_nhse_health_records row 56,
SITE_ICD10_O2,nhse_eng_canreg_pattumour,nhse_eng_canreg_pattumour,converted,dictionary v14 sheet linked_nhse_health_records row 57,
STAGE_BEST,nhse_eng_canreg_pattumour,nhse_eng_canreg_pattumour,converted,dictionary v14 sheet linked_nhse_health_records row 58,
STAGE_BEST_SYSTEM,nhse_eng_canreg_pattumour,nhse_eng_canreg_pattumour,converted,dictionary v14 sheet linked_nhse_health_records row 59,
TUMOURCOUNT,nhse_eng_canreg_pattumour,nhse_eng_canreg_pattumour,converted,dictionary v14 sheet linked_nhse_health_records row 60,
TUMOURSIZE,nhse_eng_canreg_pattumour,nhse_eng_canreg_pattumour,converted,dictionary v14 sheet linked_nhse_health_records row 61,
T_BEST,nhse_eng_canreg_pattumour,nhse_eng_canreg_pattumour,converted,dictionary v14 sheet linked_nhse_health_records row 62,
BASISOFDIAGNOSIS,nhse_eng_canreg_pre1995,nhse_eng_canreg_pre1995,converted,dictionary v14 sheet linked_nhse_health_records row 63,
DIAGNOSISDATEBEST,nhse_eng_canreg_pre1995,nhse_eng_canreg_pre1995,converted,dictionary v14 sheet linked_nhse_health_records row 64,
DIAGNOSIS_SITE_CODE,nhse_eng_canreg_pre1995,nhse_eng_canreg_pre1995,converted,dictionary v14 sheet linked_nhse_health_records row 65,
GRADE,nhse_eng_canreg_pre1995,nhse_eng_canreg_pre1995,converted,dictionary v14 sheet linked_nhse_health_records row 66,
LATERALITY,nhse_eng_canreg_pre1995,nhse_eng_canreg_pre1995,converted,dictionary v14 sheet linked_nhse_health_records row 67,
PID,nhse_eng_canreg_pre1995,nhse_eng_canreg_pre1995,converted,dictionary v14 sheet linked_nhse_health_records row 68,
ROW_ID,nhse_eng_canreg_pre1995,nhse_eng_canreg_pre1995,converted,dictionary v14 sheet linked_nhse_health_records row 69,
SCREENINGSTATUS,nhse_eng_canreg_pre1995,nhse_eng_canreg_pre1995,converted,dictionary v14 sheet linked_nhse_health_records row 70,
STAGE,nhse_eng_canreg_pre1995,nhse_eng_canreg_pre1995,converted,dictionary v14 sheet linked_nhse_health_records row 71,
CHEMO_ALL_DRUGS,nhse_eng_canreg_treat,nhse_eng_canreg_treat,converted,dictionary v14 sheet linked_nhse_health_records row 72,
CT_FLAG,nhse_eng_canreg_treat,nhse_eng_canreg_treat,converted,dictionary v14 sheet linked_nhse_health_records row 73,
EVENTCODE,nhse_eng_canreg_treat,nhse_eng_canreg_treat,converted,dictionary v14 sheet linked_nhse_health_records row 74,
EVENTDATE,nhse_eng_canreg_treat,nhse_eng_canreg_treat,converted,dictionary v14 sheet linked_nhse_health_records row 75,
EVENTDESC,nhse_eng_canreg_treat,nhse_eng_canreg_treat,converted,dictionary v14 sheet linked_nhse_health_records row 76,
IMAGINGCODE_NICIP,nhse_eng_canreg_treat,nhse_eng_canreg_treat,converted,dictionary v14 sheet linked_nhse_health_records row 77,
IMAGINGCODE_SNOMEDCT,nhse_eng_canreg_treat,nhse_eng_canreg_treat,converted,dictionary v14 sheet linked_nhse_health_records row 78,
IMAGINGDESC,nhse_eng_canreg_treat,nhse_eng_canreg_treat,converted,dictionary v14 sheet linked_nhse_health_records row 79,
IMAGINGSITE,nhse_eng_canreg_treat,nhse_eng_canreg_treat,converted,dictionary v14 sheet linked_nhse_health_records row 80,
LESIONSIZE,nhse_eng_canreg_treat,nhse_eng_canreg_treat,converted,dictionary v14 sheet linked_nhse_health_records row 81,
OPCS4_CODE,nhse_eng_canreg_treat,nhse_eng_canreg_treat,converted,dictionary v14 sheet linked_nhse_health_records row 82,
OPCS4_NAME,nhse_eng_canreg_treat,nhse_eng_canreg_treat,converted,dictionary v14 sheet linked_nhse_health_records row 83,
PID,nhse_eng_canreg_treat,nhse_eng_canreg_treat,converted,dictionary v14 sheet linked_nhse_health_records row 84,
PSEUDONYMISED_EVENTID,nhse_eng_canreg_treat,nhse_eng_canreg_treat,converted,dictionary v14 sheet linked_nhse_health_records row 85,
PSEUDONYMISED_TUMOURID,nhse_eng_canreg_treat,nhse_eng_canreg_treat,converted,dictionary v14 sheet linked_nhse_health_records row 86,
RADIOCODE,nhse_eng_canreg_treat,nhse_eng_canreg_treat,converted,dictionary v14 sheet linked_nhse_health_records row 87,
RADIODESC,nhse_eng_canreg_treat,nhse_eng_canreg_treat,converted,dictionary v14 sheet linked_nhse_health_records row 88,
ROW_ID,nhse_eng_canreg_treat,nhse_eng_canreg_treat,converted,dictionary v14 sheet linked_nhse_health_records row 89,
RT_FLAG,nhse_eng_canreg_treat,nhse_eng_canreg_treat,converted,dictionary v14 sheet linked_nhse_health_records row 90,
SG_FLAG,nhse_eng_canreg_treat,nhse_eng_canreg_treat,converted,dictionary v14 sheet linked_nhse_health_records row 91,
SIX_MONTHS_AFTER_FLAG,nhse_eng_canreg_treat,nhse_eng_canreg_treat,converted,dictionary v14 sheet linked_nhse_health_records row 92,
WITHIN_SIX_MONTHS_FLAG,nhse_eng_canreg_treat,nhse_eng_canreg_treat,converted,dictionary v14 sheet linked_nhse_health_records row 93,
ACUITY,nhse_eng_ecds,nhse_eng_ecds,dropped,dictionary v14 sheet linked_nhse_health_records row 94,outside CD3's request to OFH (D132)
ARRIVAL_DATE,nhse_eng_ecds,nhse_eng_ecds,dropped,dictionary v14 sheet linked_nhse_health_records row 95,outside CD3's request to OFH (D132)
ARRIVAL_MODE,nhse_eng_ecds,nhse_eng_ecds,dropped,dictionary v14 sheet linked_nhse_health_records row 96,outside CD3's request to OFH (D132)
ARRIVAL_TIME,nhse_eng_ecds,nhse_eng_ecds,dropped,dictionary v14 sheet linked_nhse_health_records row 97,outside CD3's request to OFH (D132)
ASSESSMENT_DATE,nhse_eng_ecds,nhse_eng_ecds,dropped,dictionary v14 sheet linked_nhse_health_records row 98,outside CD3's request to OFH (D132)
ASSESSMENT_TIME,nhse_eng_ecds,nhse_eng_ecds,dropped,dictionary v14 sheet linked_nhse_health_records row 99,outside CD3's request to OFH (D132)
ATTENDANCE_CATEGORY,nhse_eng_ecds,nhse_eng_ecds,dropped,dictionary v14 sheet linked_nhse_health_records row 100,outside CD3's request to OFH (D132)
ATTENDANCE_SOURCE,nhse_eng_ecds,nhse_eng_ecds,dropped,dictionary v14 sheet linked_nhse_health_records row 101,outside CD3's request to OFH (D132)
CHIEF_COMPLAINT,nhse_eng_ecds,nhse_eng_ecds,dropped,dictionary v14 sheet linked_nhse_health_records row 102,outside CD3's request to OFH (D132)
CODE_CLEANING_APPLIED,nhse_eng_ecds,nhse_eng_ecds,dropped,dictionary v14 sheet linked_nhse_health_records row 103,outside CD3's request to OFH (D132)
COMORBIDITIES_1,nhse_eng_ecds,nhse_eng_ecds,dropped,dictionary v14 sheet linked_nhse_health_records row 104,outside CD3's request to OFH (D132)
COMORBIDITIES_10,nhse_eng_ecds,nhse_eng_ecds,dropped,dictionary v14 sheet linked_nhse_health_records row 105,outside CD3's request to OFH (D132)
COMORBIDITIES_2,nhse_eng_ecds,nhse_eng_ecds,dropped,dictionary v14 sheet linked_nhse_health_records row 106,outside CD3's request to OFH (D132)
COMORBIDITIES_3,nhse_eng_ecds,nhse_eng_ecds,dropped,dictionary v14 sheet linked_nhse_health_records row 107,outside CD3's request to OFH (D132)
COMORBIDITIES_4,nhse_eng_ecds,nhse_eng_ecds,dropped,dictionary v14 sheet linked_nhse_health_records row 108,outside CD3's request to OFH (D132)
COMORBIDITIES_5,nhse_eng_ecds,nhse_eng_ecds,dropped,dictionary v14 sheet linked_nhse_health_records row 109,outside CD3's request to OFH (D132)
COMORBIDITIES_6,nhse_eng_ecds,nhse_eng_ecds,dropped,dictionary v14 sheet linked_nhse_health_records row 110,outside CD3's request to OFH (D132)
COMORBIDITIES_7,nhse_eng_ecds,nhse_eng_ecds,dropped,dictionary v14 sheet linked_nhse_health_records row 111,outside CD3's request to OFH (D132)
COMORBIDITIES_8,nhse_eng_ecds,nhse_eng_ecds,dropped,dictionary v14 sheet linked_nhse_health_records row 112,outside CD3's request to OFH (D132)
COMORBIDITIES_9,nhse_eng_ecds,nhse_eng_ecds,dropped,dictionary v14 sheet linked_nhse_health_records row 113,outside CD3's request to OFH (D132)
CONCLUSION_DATE,nhse_eng_ecds,nhse_eng_ecds,dropped,dictionary v14 sheet linked_nhse_health_records row 114,outside CD3's request to OFH (D132)
CONCLUSION_TIME,nhse_eng_ecds,nhse_eng_ecds,dropped,dictionary v14 sheet linked_nhse_health_records row 115,outside CD3's request to OFH (D132)
CONVEYING_AMBULANCE_TRUST_OFH,nhse_eng_ecds,nhse_eng_ecds,dropped,dictionary v14 sheet linked_nhse_health_records row 116,outside CD3's request to OFH (D132)
DECIDED_TO_ADMIT_DATE,nhse_eng_ecds,nhse_eng_ecds,dropped,dictionary v14 sheet linked_nhse_health_records row 117,outside CD3's request to OFH (D132)
DECIDED_TO_ADMIT_TIME,nhse_eng_ecds,nhse_eng_ecds,dropped,dictionary v14 sheet linked_nhse_health_records row 118,outside CD3's request to OFH (D132)
DEPARTMENT_TYPE,nhse_eng_ecds,nhse_eng_ecds,dropped,dictionary v14 sheet linked_nhse_health_records row 119,outside CD3's request to OFH (D132)
DEPARTURE_DATE,nhse_eng_ecds,nhse_eng_ecds,dropped,dictionary v14 sheet linked_nhse_health_records row 120,outside CD3's request to OFH (D132)
DEPARTURE_TIME,nhse_eng_ecds,nhse_eng_ecds,dropped,dictionary v14 sheet linked_nhse_health_records row 121,outside CD3's request to OFH (D132)
DIAGNOSIS_CODE_1,nhse_eng_ecds,nhse_eng_ecds,dropped,dictionary v14 sheet linked_nhse_health_records row 122,outside CD3's request to OFH (D132)
DIAGNOSIS_CODE_10,nhse_eng_ecds,nhse_eng_ecds,dropped,dictionary v14 sheet linked_nhse_health_records row 123,outside CD3's request to OFH (D132)
DIAGNOSIS_CODE_11,nhse_eng_ecds,nhse_eng_ecds,dropped,dictionary v14 sheet linked_nhse_health_records row 124,outside CD3's request to OFH (D132)
DIAGNOSIS_CODE_12,nhse_eng_ecds,nhse_eng_ecds,dropped,dictionary v14 sheet linked_nhse_health_records row 125,outside CD3's request to OFH (D132)
DIAGNOSIS_CODE_2,nhse_eng_ecds,nhse_eng_ecds,dropped,dictionary v14 sheet linked_nhse_health_records row 126,outside CD3's request to OFH (D132)
DIAGNOSIS_CODE_3,nhse_eng_ecds,nhse_eng_ecds,dropped,dictionary v14 sheet linked_nhse_health_records row 127,outside CD3's request to OFH (D132)
DIAGNOSIS_CODE_4,nhse_eng_ecds,nhse_eng_ecds,dropped,dictionary v14 sheet linked_nhse_health_records row 128,outside CD3's request to OFH (D132)
DIAGNOSIS_CODE_5,nhse_eng_ecds,nhse_eng_ecds,dropped,dictionary v14 sheet linked_nhse_health_records row 129,outside CD3's request to OFH (D132)
DIAGNOSIS_CODE_6,nhse_eng_ecds,nhse_eng_ecds,dropped,dictionary v14 sheet linked_nhse_health_records row 130,outside CD3's request to OFH (D132)
DIAGNOSIS_CODE_7,nhse_eng_ecds,nhse_eng_ecds,dropped,dictionary v14 sheet linked_nhse_health_records row 131,outside CD3's request to OFH (D132)
DIAGNOSIS_CODE_8,nhse_eng_ecds,nhse_eng_ecds,dropped,dictionary v14 sheet linked_nhse_health_records row 132,outside CD3's request to OFH (D132)
DIAGNOSIS_CODE_9,nhse_eng_ecds,nhse_eng_ecds,dropped,dictionary v14 sheet linked_nhse_health_records row 133,outside CD3's request to OFH (D132)
DIAGNOSIS_QUALIFIER_1,nhse_eng_ecds,nhse_eng_ecds,dropped,dictionary v14 sheet linked_nhse_health_records row 134,outside CD3's request to OFH (D132)
DIAGNOSIS_QUALIFIER_10,nhse_eng_ecds,nhse_eng_ecds,dropped,dictionary v14 sheet linked_nhse_health_records row 135,outside CD3's request to OFH (D132)
DIAGNOSIS_QUALIFIER_11,nhse_eng_ecds,nhse_eng_ecds,dropped,dictionary v14 sheet linked_nhse_health_records row 136,outside CD3's request to OFH (D132)
DIAGNOSIS_QUALIFIER_12,nhse_eng_ecds,nhse_eng_ecds,dropped,dictionary v14 sheet linked_nhse_health_records row 137,outside CD3's request to OFH (D132)
DIAGNOSIS_QUALIFIER_2,nhse_eng_ecds,nhse_eng_ecds,dropped,dictionary v14 sheet linked_nhse_health_records row 138,outside CD3's request to OFH (D132)
DIAGNOSIS_QUALIFIER_3,nhse_eng_ecds,nhse_eng_ecds,dropped,dictionary v14 sheet linked_nhse_health_records row 139,outside CD3's request to OFH (D132)
DIAGNOSIS_QUALIFIER_4,nhse_eng_ecds,nhse_eng_ecds,dropped,dictionary v14 sheet linked_nhse_health_records row 140,outside CD3's request to OFH (D132)
DIAGNOSIS_QUALIFIER_5,nhse_eng_ecds,nhse_eng_ecds,dropped,dictionary v14 sheet linked_nhse_health_records row 141,outside CD3's request to OFH (D132)
DIAGNOSIS_QUALIFIER_6,nhse_eng_ecds,nhse_eng_ecds,dropped,dictionary v14 sheet linked_nhse_health_records row 142,outside CD3's request to OFH (D132)
DIAGNOSIS_QUALIFIER_7,nhse_eng_ecds,nhse_eng_ecds,dropped,dictionary v14 sheet linked_nhse_health_records row 143,outside CD3's request to OFH (D132)
DIAGNOSIS_QUALIFIER_8,nhse_eng_ecds,nhse_eng_ecds,dropped,dictionary v14 sheet linked_nhse_health_records row 144,outside CD3's request to OFH (D132)
DIAGNOSIS_QUALIFIER_9,nhse_eng_ecds,nhse_eng_ecds,dropped,dictionary v14 sheet linked_nhse_health_records row 145,outside CD3's request to OFH (D132)
DISCHARGE_DESTINATION,nhse_eng_ecds,nhse_eng_ecds,dropped,dictionary v14 sheet linked_nhse_health_records row 146,outside CD3's request to OFH (D132)
DISCHARGE_FOLLOW_UP,nhse_eng_ecds,nhse_eng_ecds,dropped,dictionary v14 sheet linked_nhse_health_records row 147,outside CD3's request to OFH (D132)
DISCHARGE_STATUS,nhse_eng_ecds,nhse_eng_ecds,dropped,dictionary v14 sheet linked_nhse_health_records row 148,outside CD3's request to OFH (D132)
EPIKEY,nhse_eng_ecds,nhse_eng_ecds,dropped,dictionary v14 sheet linked_nhse_health_records row 149,outside CD3's request to OFH (D132)
INJURY_ACTIVITY_STATUS,nhse_eng_ecds,nhse_eng_ecds,dropped,dictionary v14 sheet linked_nhse_health_records row 150,outside CD3's request to OFH (D132)
INJURY_ACTIVITY_TYPE,nhse_eng_ecds,nhse_eng_ecds,dropped,dictionary v14 sheet linked_nhse_health_records row 151,outside CD3's request to OFH (D132)
INJURY_DATE,nhse_eng_ecds,nhse_eng_ecds,dropped,dictionary v14 sheet linked_nhse_health_records row 152,outside CD3's request to OFH (D132)
INJURY_TIME,nhse_eng_ecds,nhse_eng_ecds,dropped,dictionary v14 sheet linked_nhse_health_records row 153,outside CD3's request to OFH (D132)
INVESTIGATION_CODE_1,nhse_eng_ecds,nhse_eng_ecds,dropped,dictionary v14 sheet linked_nhse_health_records row 154,outside CD3's request to OFH (D132)
INVESTIGATION_CODE_10,nhse_eng_ecds,nhse_eng_ecds,dropped,dictionary v14 sheet linked_nhse_health_records row 155,outside CD3's request to OFH (D132)
INVESTIGATION_CODE_11,nhse_eng_ecds,nhse_eng_ecds,dropped,dictionary v14 sheet linked_nhse_health_records row 156,outside CD3's request to OFH (D132)
INVESTIGATION_CODE_12,nhse_eng_ecds,nhse_eng_ecds,dropped,dictionary v14 sheet linked_nhse_health_records row 157,outside CD3's request to OFH (D132)
INVESTIGATION_CODE_2,nhse_eng_ecds,nhse_eng_ecds,dropped,dictionary v14 sheet linked_nhse_health_records row 158,outside CD3's request to OFH (D132)
INVESTIGATION_CODE_3,nhse_eng_ecds,nhse_eng_ecds,dropped,dictionary v14 sheet linked_nhse_health_records row 159,outside CD3's request to OFH (D132)
INVESTIGATION_CODE_4,nhse_eng_ecds,nhse_eng_ecds,dropped,dictionary v14 sheet linked_nhse_health_records row 160,outside CD3's request to OFH (D132)
INVESTIGATION_CODE_5,nhse_eng_ecds,nhse_eng_ecds,dropped,dictionary v14 sheet linked_nhse_health_records row 161,outside CD3's request to OFH (D132)
INVESTIGATION_CODE_6,nhse_eng_ecds,nhse_eng_ecds,dropped,dictionary v14 sheet linked_nhse_health_records row 162,outside CD3's request to OFH (D132)
INVESTIGATION_CODE_7,nhse_eng_ecds,nhse_eng_ecds,dropped,dictionary v14 sheet linked_nhse_health_records row 163,outside CD3's request to OFH (D132)
INVESTIGATION_CODE_8,nhse_eng_ecds,nhse_eng_ecds,dropped,dictionary v14 sheet linked_nhse_health_records row 164,outside CD3's request to OFH (D132)
INVESTIGATION_CODE_9,nhse_eng_ecds,nhse_eng_ecds,dropped,dictionary v14 sheet linked_nhse_health_records row 165,outside CD3's request to OFH (D132)
INVESTIGATION_DATE_1,nhse_eng_ecds,nhse_eng_ecds,dropped,dictionary v14 sheet linked_nhse_health_records row 166,outside CD3's request to OFH (D132)
INVESTIGATION_DATE_10,nhse_eng_ecds,nhse_eng_ecds,dropped,dictionary v14 sheet linked_nhse_health_records row 167,outside CD3's request to OFH (D132)
INVESTIGATION_DATE_11,nhse_eng_ecds,nhse_eng_ecds,dropped,dictionary v14 sheet linked_nhse_health_records row 168,outside CD3's request to OFH (D132)
INVESTIGATION_DATE_12,nhse_eng_ecds,nhse_eng_ecds,dropped,dictionary v14 sheet linked_nhse_health_records row 169,outside CD3's request to OFH (D132)
INVESTIGATION_DATE_2,nhse_eng_ecds,nhse_eng_ecds,dropped,dictionary v14 sheet linked_nhse_health_records row 170,outside CD3's request to OFH (D132)
INVESTIGATION_DATE_3,nhse_eng_ecds,nhse_eng_ecds,dropped,dictionary v14 sheet linked_nhse_health_records row 171,outside CD3's request to OFH (D132)
INVESTIGATION_DATE_4,nhse_eng_ecds,nhse_eng_ecds,dropped,dictionary v14 sheet linked_nhse_health_records row 172,outside CD3's request to OFH (D132)
INVESTIGATION_DATE_5,nhse_eng_ecds,nhse_eng_ecds,dropped,dictionary v14 sheet linked_nhse_health_records row 173,outside CD3's request to OFH (D132)
INVESTIGATION_DATE_6,nhse_eng_ecds,nhse_eng_ecds,dropped,dictionary v14 sheet linked_nhse_health_records row 174,outside CD3's request to OFH (D132)
INVESTIGATION_DATE_7,nhse_eng_ecds,nhse_eng_ecds,dropped,dictionary v14 sheet linked_nhse_health_records row 175,outside CD3's request to OFH (D132)
INVESTIGATION_DATE_8,nhse_eng_ecds,nhse_eng_ecds,dropped,dictionary v14 sheet linked_nhse_health_records row 176,outside CD3's request to OFH (D132)
INVESTIGATION_DATE_9,nhse_eng_ecds,nhse_eng_ecds,dropped,dictionary v14 sheet linked_nhse_health_records row 177,outside CD3's request to OFH (D132)
INVESTIGATION_TIME_1,nhse_eng_ecds,nhse_eng_ecds,dropped,dictionary v14 sheet linked_nhse_health_records row 178,outside CD3's request to OFH (D132)
INVESTIGATION_TIME_10,nhse_eng_ecds,nhse_eng_ecds,dropped,dictionary v14 sheet linked_nhse_health_records row 179,outside CD3's request to OFH (D132)
INVESTIGATION_TIME_11,nhse_eng_ecds,nhse_eng_ecds,dropped,dictionary v14 sheet linked_nhse_health_records row 180,outside CD3's request to OFH (D132)
INVESTIGATION_TIME_12,nhse_eng_ecds,nhse_eng_ecds,dropped,dictionary v14 sheet linked_nhse_health_records row 181,outside CD3's request to OFH (D132)
INVESTIGATION_TIME_2,nhse_eng_ecds,nhse_eng_ecds,dropped,dictionary v14 sheet linked_nhse_health_records row 182,outside CD3's request to OFH (D132)
INVESTIGATION_TIME_3,nhse_eng_ecds,nhse_eng_ecds,dropped,dictionary v14 sheet linked_nhse_health_records row 183,outside CD3's request to OFH (D132)
INVESTIGATION_TIME_4,nhse_eng_ecds,nhse_eng_ecds,dropped,dictionary v14 sheet linked_nhse_health_records row 184,outside CD3's request to OFH (D132)
INVESTIGATION_TIME_5,nhse_eng_ecds,nhse_eng_ecds,dropped,dictionary v14 sheet linked_nhse_health_records row 185,outside CD3's request to OFH (D132)
INVESTIGATION_TIME_6,nhse_eng_ecds,nhse_eng_ecds,dropped,dictionary v14 sheet linked_nhse_health_records row 186,outside CD3's request to OFH (D132)
INVESTIGATION_TIME_7,nhse_eng_ecds,nhse_eng_ecds,dropped,dictionary v14 sheet linked_nhse_health_records row 187,outside CD3's request to OFH (D132)
INVESTIGATION_TIME_8,nhse_eng_ecds,nhse_eng_ecds,dropped,dictionary v14 sheet linked_nhse_health_records row 188,outside CD3's request to OFH (D132)
INVESTIGATION_TIME_9,nhse_eng_ecds,nhse_eng_ecds,dropped,dictionary v14 sheet linked_nhse_health_records row 189,outside CD3's request to OFH (D132)
PERIOD_LENGTH,nhse_eng_ecds,nhse_eng_ecds,dropped,dictionary v14 sheet linked_nhse_health_records row 190,outside CD3's request to OFH (D132)
PID,nhse_eng_ecds,nhse_eng_ecds,dropped,dictionary v14 sheet linked_nhse_health_records row 191,outside CD3's request to OFH (D132)
RECORD_IDENTIFIER,nhse_eng_ecds,nhse_eng_ecds,dropped,dictionary v14 sheet linked_nhse_health_records row 192,outside CD3's request to OFH (D132)
REFERRAL_ASSESSMENT_DATE_1,nhse_eng_ecds,nhse_eng_ecds,dropped,dictionary v14 sheet linked_nhse_health_records row 193,outside CD3's request to OFH (D132)
REFERRAL_ASSESSMENT_DATE_2,nhse_eng_ecds,nhse_eng_ecds,dropped,dictionary v14 sheet linked_nhse_health_records row 194,outside CD3's request to OFH (D132)
REFERRAL_ASSESSMENT_DATE_3,nhse_eng_ecds,nhse_eng_ecds,dropped,dictionary v14 sheet linked_nhse_health_records row 195,outside CD3's request to OFH (D132)
REFERRAL_ASSESSMENT_DATE_4,nhse_eng_ecds,nhse_eng_ecds,dropped,dictionary v14 sheet linked_nhse_health_records row 196,outside CD3's request to OFH (D132)
REFERRAL_ASSESSMENT_TIME_1,nhse_eng_ecds,nhse_eng_ecds,dropped,dictionary v14 sheet linked_nhse_health_records row 197,outside CD3's request to OFH (D132)
REFERRAL_ASSESSMENT_TIME_2,nhse_eng_ecds,nhse_eng_ecds,dropped,dictionary v14 sheet linked_nhse_health_records row 198,outside CD3's request to OFH (D132)
REFERRAL_ASSESSMENT_TIME_3,nhse_eng_ecds,nhse_eng_ecds,dropped,dictionary v14 sheet linked_nhse_health_records row 199,outside CD3's request to OFH (D132)
REFERRAL_ASSESSMENT_TIME_4,nhse_eng_ecds,nhse_eng_ecds,dropped,dictionary v14 sheet linked_nhse_health_records row 200,outside CD3's request to OFH (D132)
REFERRED_TO_SERVICE_1,nhse_eng_ecds,nhse_eng_ecds,dropped,dictionary v14 sheet linked_nhse_health_records row 201,outside CD3's request to OFH (D132)
REFERRED_TO_SERVICE_2,nhse_eng_ecds,nhse_eng_ecds,dropped,dictionary v14 sheet linked_nhse_health_records row 202,outside CD3's request to OFH (D132)
REFERRED_TO_SERVICE_3,nhse_eng_ecds,nhse_eng_ecds,dropped,dictionary v14 sheet linked_nhse_health_records row 203,outside CD3's request to OFH (D132)
REFERRED_TO_SERVICE_4,nhse_eng_ecds,nhse_eng_ecds,dropped,dictionary v14 sheet linked_nhse_health_records row 204,outside CD3's request to OFH (D132)
ROW_ID,nhse_eng_ecds,nhse_eng_ecds,dropped,dictionary v14 sheet linked_nhse_health_records row 205,outside CD3's request to OFH (D132)
SEEN_DATE,nhse_eng_ecds,nhse_eng_ecds,dropped,dictionary v14 sheet linked_nhse_health_records row 206,outside CD3's request to OFH (D132)
SEEN_TIME,nhse_eng_ecds,nhse_eng_ecds,dropped,dictionary v14 sheet linked_nhse_health_records row 207,outside CD3's request to OFH (D132)
SEQUENCE_NUMBER_1,nhse_eng_ecds,nhse_eng_ecds,dropped,dictionary v14 sheet linked_nhse_health_records row 208,outside CD3's request to OFH (D132)
SEQUENCE_NUMBER_10,nhse_eng_ecds,nhse_eng_ecds,dropped,dictionary v14 sheet linked_nhse_health_records row 209,outside CD3's request to OFH (D132)
SEQUENCE_NUMBER_11,nhse_eng_ecds,nhse_eng_ecds,dropped,dictionary v14 sheet linked_nhse_health_records row 210,outside CD3's request to OFH (D132)
SEQUENCE_NUMBER_12,nhse_eng_ecds,nhse_eng_ecds,dropped,dictionary v14 sheet linked_nhse_health_records row 211,outside CD3's request to OFH (D132)
SEQUENCE_NUMBER_2,nhse_eng_ecds,nhse_eng_ecds,dropped,dictionary v14 sheet linked_nhse_health_records row 212,outside CD3's request to OFH (D132)
SEQUENCE_NUMBER_3,nhse_eng_ecds,nhse_eng_ecds,dropped,dictionary v14 sheet linked_nhse_health_records row 213,outside CD3's request to OFH (D132)
SEQUENCE_NUMBER_4,nhse_eng_ecds,nhse_eng_ecds,dropped,dictionary v14 sheet linked_nhse_health_records row 214,outside CD3's request to OFH (D132)
SEQUENCE_NUMBER_5,nhse_eng_ecds,nhse_eng_ecds,dropped,dictionary v14 sheet linked_nhse_health_records row 215,outside CD3's request to OFH (D132)
SEQUENCE_NUMBER_6,nhse_eng_ecds,nhse_eng_ecds,dropped,dictionary v14 sheet linked_nhse_health_records row 216,outside CD3's request to OFH (D132)
SEQUENCE_NUMBER_7,nhse_eng_ecds,nhse_eng_ecds,dropped,dictionary v14 sheet linked_nhse_health_records row 217,outside CD3's request to OFH (D132)
SEQUENCE_NUMBER_8,nhse_eng_ecds,nhse_eng_ecds,dropped,dictionary v14 sheet linked_nhse_health_records row 218,outside CD3's request to OFH (D132)
SEQUENCE_NUMBER_9,nhse_eng_ecds,nhse_eng_ecds,dropped,dictionary v14 sheet linked_nhse_health_records row 219,outside CD3's request to OFH (D132)
SERVICE_REQUEST_DATE_1,nhse_eng_ecds,nhse_eng_ecds,dropped,dictionary v14 sheet linked_nhse_health_records row 220,outside CD3's request to OFH (D132)
SERVICE_REQUEST_DATE_2,nhse_eng_ecds,nhse_eng_ecds,dropped,dictionary v14 sheet linked_nhse_health_records row 221,outside CD3's request to OFH (D132)
SERVICE_REQUEST_DATE_3,nhse_eng_ecds,nhse_eng_ecds,dropped,dictionary v14 sheet linked_nhse_health_records row 222,outside CD3's request to OFH (D132)
SERVICE_REQUEST_DATE_4,nhse_eng_ecds,nhse_eng_ecds,dropped,dictionary v14 sheet linked_nhse_health_records row 223,outside CD3's request to OFH (D132)
TREATMENT_CODE_1,nhse_eng_ecds,nhse_eng_ecds,dropped,dictionary v14 sheet linked_nhse_health_records row 224,outside CD3's request to OFH (D132)
TREATMENT_CODE_10,nhse_eng_ecds,nhse_eng_ecds,dropped,dictionary v14 sheet linked_nhse_health_records row 225,outside CD3's request to OFH (D132)
TREATMENT_CODE_11,nhse_eng_ecds,nhse_eng_ecds,dropped,dictionary v14 sheet linked_nhse_health_records row 226,outside CD3's request to OFH (D132)
TREATMENT_CODE_12,nhse_eng_ecds,nhse_eng_ecds,dropped,dictionary v14 sheet linked_nhse_health_records row 227,outside CD3's request to OFH (D132)
TREATMENT_CODE_2,nhse_eng_ecds,nhse_eng_ecds,dropped,dictionary v14 sheet linked_nhse_health_records row 228,outside CD3's request to OFH (D132)
TREATMENT_CODE_3,nhse_eng_ecds,nhse_eng_ecds,dropped,dictionary v14 sheet linked_nhse_health_records row 229,outside CD3's request to OFH (D132)
TREATMENT_CODE_4,nhse_eng_ecds,nhse_eng_ecds,dropped,dictionary v14 sheet linked_nhse_health_records row 230,outside CD3's request to OFH (D132)
TREATMENT_CODE_5,nhse_eng_ecds,nhse_eng_ecds,dropped,dictionary v14 sheet linked_nhse_health_records row 231,outside CD3's request to OFH (D132)
TREATMENT_CODE_6,nhse_eng_ecds,nhse_eng_ecds,dropped,dictionary v14 sheet linked_nhse_health_records row 232,outside CD3's request to OFH (D132)
TREATMENT_CODE_7,nhse_eng_ecds,nhse_eng_ecds,dropped,dictionary v14 sheet linked_nhse_health_records row 233,outside CD3's request to OFH (D132)
TREATMENT_CODE_8,nhse_eng_ecds,nhse_eng_ecds,dropped,dictionary v14 sheet linked_nhse_health_records row 234,outside CD3's request to OFH (D132)
TREATMENT_CODE_9,nhse_eng_ecds,nhse_eng_ecds,dropped,dictionary v14 sheet linked_nhse_health_records row 235,outside CD3's request to OFH (D132)
TREATMENT_DATE_1,nhse_eng_ecds,nhse_eng_ecds,dropped,dictionary v14 sheet linked_nhse_health_records row 236,outside CD3's request to OFH (D132)
TREATMENT_DATE_10,nhse_eng_ecds,nhse_eng_ecds,dropped,dictionary v14 sheet linked_nhse_health_records row 237,outside CD3's request to OFH (D132)
TREATMENT_DATE_11,nhse_eng_ecds,nhse_eng_ecds,dropped,dictionary v14 sheet linked_nhse_health_records row 238,outside CD3's request to OFH (D132)
TREATMENT_DATE_12,nhse_eng_ecds,nhse_eng_ecds,dropped,dictionary v14 sheet linked_nhse_health_records row 239,outside CD3's request to OFH (D132)
TREATMENT_DATE_2,nhse_eng_ecds,nhse_eng_ecds,dropped,dictionary v14 sheet linked_nhse_health_records row 240,outside CD3's request to OFH (D132)
TREATMENT_DATE_3,nhse_eng_ecds,nhse_eng_ecds,dropped,dictionary v14 sheet linked_nhse_health_records row 241,outside CD3's request to OFH (D132)
TREATMENT_DATE_4,nhse_eng_ecds,nhse_eng_ecds,dropped,dictionary v14 sheet linked_nhse_health_records row 242,outside CD3's request to OFH (D132)
TREATMENT_DATE_5,nhse_eng_ecds,nhse_eng_ecds,dropped,dictionary v14 sheet linked_nhse_health_records row 243,outside CD3's request to OFH (D132)
TREATMENT_DATE_6,nhse_eng_ecds,nhse_eng_ecds,dropped,dictionary v14 sheet linked_nhse_health_records row 244,outside CD3's request to OFH (D132)
TREATMENT_DATE_7,nhse_eng_ecds,nhse_eng_ecds,dropped,dictionary v14 sheet linked_nhse_health_records row 245,outside CD3's request to OFH (D132)
TREATMENT_DATE_8,nhse_eng_ecds,nhse_eng_ecds,dropped,dictionary v14 sheet linked_nhse_health_records row 246,outside CD3's request to OFH (D132)
TREATMENT_DATE_9,nhse_eng_ecds,nhse_eng_ecds,dropped,dictionary v14 sheet linked_nhse_health_records row 247,outside CD3's request to OFH (D132)
TREATMENT_FUNCTION_CODE,nhse_eng_ecds,nhse_eng_ecds,dropped,dictionary v14 sheet linked_nhse_health_records row 248,outside CD3's request to OFH (D132)
TREATMENT_TIME_1,nhse_eng_ecds,nhse_eng_ecds,dropped,dictionary v14 sheet linked_nhse_health_records row 249,outside CD3's request to OFH (D132)
TREATMENT_TIME_10,nhse_eng_ecds,nhse_eng_ecds,dropped,dictionary v14 sheet linked_nhse_health_records row 250,outside CD3's request to OFH (D132)
TREATMENT_TIME_11,nhse_eng_ecds,nhse_eng_ecds,dropped,dictionary v14 sheet linked_nhse_health_records row 251,outside CD3's request to OFH (D132)
TREATMENT_TIME_12,nhse_eng_ecds,nhse_eng_ecds,dropped,dictionary v14 sheet linked_nhse_health_records row 252,outside CD3's request to OFH (D132)
TREATMENT_TIME_2,nhse_eng_ecds,nhse_eng_ecds,dropped,dictionary v14 sheet linked_nhse_health_records row 253,outside CD3's request to OFH (D132)
TREATMENT_TIME_3,nhse_eng_ecds,nhse_eng_ecds,dropped,dictionary v14 sheet linked_nhse_health_records row 254,outside CD3's request to OFH (D132)
TREATMENT_TIME_4,nhse_eng_ecds,nhse_eng_ecds,dropped,dictionary v14 sheet linked_nhse_health_records row 255,outside CD3's request to OFH (D132)
TREATMENT_TIME_5,nhse_eng_ecds,nhse_eng_ecds,dropped,dictionary v14 sheet linked_nhse_health_records row 256,outside CD3's request to OFH (D132)
TREATMENT_TIME_6,nhse_eng_ecds,nhse_eng_ecds,dropped,dictionary v14 sheet linked_nhse_health_records row 257,outside CD3's request to OFH (D132)
TREATMENT_TIME_7,nhse_eng_ecds,nhse_eng_ecds,dropped,dictionary v14 sheet linked_nhse_health_records row 258,outside CD3's request to OFH (D132)
TREATMENT_TIME_8,nhse_eng_ecds,nhse_eng_ecds,dropped,dictionary v14 sheet linked_nhse_health_records row 259,outside CD3's request to OFH (D132)
TREATMENT_TIME_9,nhse_eng_ecds,nhse_eng_ecds,dropped,dictionary v14 sheet linked_nhse_health_records row 260,outside CD3's request to OFH (D132)
AEARRIVALMODE,nhse_eng_ed,nhse_eng_ed,dropped,dictionary v14 sheet linked_nhse_health_records row 261,outside CD3's request to OFH (D132)
AEATTENDCAT,nhse_eng_ed,nhse_eng_ed,dropped,dictionary v14 sheet linked_nhse_health_records row 262,outside CD3's request to OFH (D132)
AEATTENDDISP,nhse_eng_ed,nhse_eng_ed,dropped,dictionary v14 sheet linked_nhse_health_records row 263,outside CD3's request to OFH (D132)
AEDEPTTYPE,nhse_eng_ed,nhse_eng_ed,dropped,dictionary v14 sheet linked_nhse_health_records row 264,outside CD3's request to OFH (D132)
AEKEY,nhse_eng_ed,nhse_eng_ed,dropped,dictionary v14 sheet linked_nhse_health_records row 265,outside CD3's request to OFH (D132)
AEREFSOURCE,nhse_eng_ed,nhse_eng_ed,dropped,dictionary v14 sheet linked_nhse_health_records row 266,outside CD3's request to OFH (D132)
ARRIVALDATE,nhse_eng_ed,nhse_eng_ed,dropped,dictionary v14 sheet linked_nhse_health_records row 267,outside CD3's request to OFH (D132)
ARRIVALTIME,nhse_eng_ed,nhse_eng_ed,dropped,dictionary v14 sheet linked_nhse_health_records row 268,outside CD3's request to OFH (D132)
CONCLTIME,nhse_eng_ed,nhse_eng_ed,dropped,dictionary v14 sheet linked_nhse_health_records row 269,outside CD3's request to OFH (D132)
DEPTIME,nhse_eng_ed,nhse_eng_ed,dropped,dictionary v14 sheet linked_nhse_health_records row 270,outside CD3's request to OFH (D132)
DIAGA_01,nhse_eng_ed,nhse_eng_ed,dropped,dictionary v14 sheet linked_nhse_health_records row 271,outside CD3's request to OFH (D132)
DIAGA_02,nhse_eng_ed,nhse_eng_ed,dropped,dictionary v14 sheet linked_nhse_health_records row 272,outside CD3's request to OFH (D132)
DIAGA_03,nhse_eng_ed,nhse_eng_ed,dropped,dictionary v14 sheet linked_nhse_health_records row 273,outside CD3's request to OFH (D132)
DIAGA_04,nhse_eng_ed,nhse_eng_ed,dropped,dictionary v14 sheet linked_nhse_health_records row 274,outside CD3's request to OFH (D132)
DIAGA_05,nhse_eng_ed,nhse_eng_ed,dropped,dictionary v14 sheet linked_nhse_health_records row 275,outside CD3's request to OFH (D132)
DIAGA_06,nhse_eng_ed,nhse_eng_ed,dropped,dictionary v14 sheet linked_nhse_health_records row 276,outside CD3's request to OFH (D132)
DIAGA_07,nhse_eng_ed,nhse_eng_ed,dropped,dictionary v14 sheet linked_nhse_health_records row 277,outside CD3's request to OFH (D132)
DIAGA_08,nhse_eng_ed,nhse_eng_ed,dropped,dictionary v14 sheet linked_nhse_health_records row 278,outside CD3's request to OFH (D132)
DIAGA_09,nhse_eng_ed,nhse_eng_ed,dropped,dictionary v14 sheet linked_nhse_health_records row 279,outside CD3's request to OFH (D132)
DIAGA_10,nhse_eng_ed,nhse_eng_ed,dropped,dictionary v14 sheet linked_nhse_health_records row 280,outside CD3's request to OFH (D132)
DIAGA_11,nhse_eng_ed,nhse_eng_ed,dropped,dictionary v14 sheet linked_nhse_health_records row 281,outside CD3's request to OFH (D132)
DIAGA_12,nhse_eng_ed,nhse_eng_ed,dropped,dictionary v14 sheet linked_nhse_health_records row 282,outside CD3's request to OFH (D132)
DIAGSCHEME,nhse_eng_ed,nhse_eng_ed,dropped,dictionary v14 sheet linked_nhse_health_records row 283,outside CD3's request to OFH (D132)
DIAGS_01,nhse_eng_ed,nhse_eng_ed,dropped,dictionary v14 sheet linked_nhse_health_records row 284,outside CD3's request to OFH (D132)
DIAGS_02,nhse_eng_ed,nhse_eng_ed,dropped,dictionary v14 sheet linked_nhse_health_records row 285,outside CD3's request to OFH (D132)
DIAGS_03,nhse_eng_ed,nhse_eng_ed,dropped,dictionary v14 sheet linked_nhse_health_records row 286,outside CD3's request to OFH (D132)
DIAGS_04,nhse_eng_ed,nhse_eng_ed,dropped,dictionary v14 sheet linked_nhse_health_records row 287,outside CD3's request to OFH (D132)
DIAGS_05,nhse_eng_ed,nhse_eng_ed,dropped,dictionary v14 sheet linked_nhse_health_records row 288,outside CD3's request to OFH (D132)
DIAGS_06,nhse_eng_ed,nhse_eng_ed,dropped,dictionary v14 sheet linked_nhse_health_records row 289,outside CD3's request to OFH (D132)
DIAGS_07,nhse_eng_ed,nhse_eng_ed,dropped,dictionary v14 sheet linked_nhse_health_records row 290,outside CD3's request to OFH (D132)
DIAGS_08,nhse_eng_ed,nhse_eng_ed,dropped,dictionary v14 sheet linked_nhse_health_records row 291,outside CD3's request to OFH (D132)
DIAGS_09,nhse_eng_ed,nhse_eng_ed,dropped,dictionary v14 sheet linked_nhse_health_records row 292,outside CD3's request to OFH (D132)
DIAGS_10,nhse_eng_ed,nhse_eng_ed,dropped,dictionary v14 sheet linked_nhse_health_records row 293,outside CD3's request to OFH (D132)
DIAGS_11,nhse_eng_ed,nhse_eng_ed,dropped,dictionary v14 sheet linked_nhse_health_records row 294,outside CD3's request to OFH (D132)
DIAGS_12,nhse_eng_ed,nhse_eng_ed,dropped,dictionary v14 sheet linked_nhse_health_records row 295,outside CD3's request to OFH (D132)
DIAG_01,nhse_eng_ed,nhse_eng_ed,dropped,dictionary v14 sheet linked_nhse_health_records row 296,outside CD3's request to OFH (D132)
DIAG_02,nhse_eng_ed,nhse_eng_ed,dropped,dictionary v14 sheet linked_nhse_health_records row 297,outside CD3's request to OFH (D132)
DIAG_03,nhse_eng_ed,nhse_eng_ed,dropped,dictionary v14 sheet linked_nhse_health_records row 298,outside CD3's request to OFH (D132)
DIAG_04,nhse_eng_ed,nhse_eng_ed,dropped,dictionary v14 sheet linked_nhse_health_records row 299,outside CD3's request to OFH (D132)
DIAG_05,nhse_eng_ed,nhse_eng_ed,dropped,dictionary v14 sheet linked_nhse_health_records row 300,outside CD3's request to OFH (D132)
DIAG_06,nhse_eng_ed,nhse_eng_ed,dropped,dictionary v14 sheet linked_nhse_health_records row 301,outside CD3's request to OFH (D132)
DIAG_07,nhse_eng_ed,nhse_eng_ed,dropped,dictionary v14 sheet linked_nhse_health_records row 302,outside CD3's request to OFH (D132)
DIAG_08,nhse_eng_ed,nhse_eng_ed,dropped,dictionary v14 sheet linked_nhse_health_records row 303,outside CD3's request to OFH (D132)
DIAG_09,nhse_eng_ed,nhse_eng_ed,dropped,dictionary v14 sheet linked_nhse_health_records row 304,outside CD3's request to OFH (D132)
DIAG_10,nhse_eng_ed,nhse_eng_ed,dropped,dictionary v14 sheet linked_nhse_health_records row 305,outside CD3's request to OFH (D132)
DIAG_11,nhse_eng_ed,nhse_eng_ed,dropped,dictionary v14 sheet linked_nhse_health_records row 306,outside CD3's request to OFH (D132)
DIAG_12,nhse_eng_ed,nhse_eng_ed,dropped,dictionary v14 sheet linked_nhse_health_records row 307,outside CD3's request to OFH (D132)
EPIKEY,nhse_eng_ed,nhse_eng_ed,dropped,dictionary v14 sheet linked_nhse_health_records row 308,outside CD3's request to OFH (D132)
IMD04_DECILE,nhse_eng_ed,nhse_eng_ed,dropped,dictionary v14 sheet linked_nhse_health_records row 309,outside CD3's request to OFH (D132)
INVEST2_01,nhse_eng_ed,nhse_eng_ed,dropped,dictionary v14 sheet linked_nhse_health_records row 310,outside CD3's request to OFH (D132)
INVEST2_02,nhse_eng_ed,nhse_eng_ed,dropped,dictionary v14 sheet linked_nhse_health_records row 311,outside CD3's request to OFH (D132)
INVEST2_03,nhse_eng_ed,nhse_eng_ed,dropped,dictionary v14 sheet linked_nhse_health_records row 312,outside CD3's request to OFH (D132)
INVEST2_04,nhse_eng_ed,nhse_eng_ed,dropped,dictionary v14 sheet linked_nhse_health_records row 313,outside CD3's request to OFH (D132)
INVEST2_05,nhse_eng_ed,nhse_eng_ed,dropped,dictionary v14 sheet linked_nhse_health_records row 314,outside CD3's request to OFH (D132)
INVEST2_06,nhse_eng_ed,nhse_eng_ed,dropped,dictionary v14 sheet linked_nhse_health_records row 315,outside CD3's request to OFH (D132)
INVEST2_07,nhse_eng_ed,nhse_eng_ed,dropped,dictionary v14 sheet linked_nhse_health_records row 316,outside CD3's request to OFH (D132)
INVEST2_08,nhse_eng_ed,nhse_eng_ed,dropped,dictionary v14 sheet linked_nhse_health_records row 317,outside CD3's request to OFH (D132)
INVEST2_09,nhse_eng_ed,nhse_eng_ed,dropped,dictionary v14 sheet linked_nhse_health_records row 318,outside CD3's request to OFH (D132)
INVEST2_10,nhse_eng_ed,nhse_eng_ed,dropped,dictionary v14 sheet linked_nhse_health_records row 319,outside CD3's request to OFH (D132)
INVEST2_11,nhse_eng_ed,nhse_eng_ed,dropped,dictionary v14 sheet linked_nhse_health_records row 320,outside CD3's request to OFH (D132)
INVEST2_12,nhse_eng_ed,nhse_eng_ed,dropped,dictionary v14 sheet linked_nhse_health_records row 321,outside CD3's request to OFH (D132)
INVEST_01,nhse_eng_ed,nhse_eng_ed,dropped,dictionary v14 sheet linked_nhse_health_records row 322,outside CD3's request to OFH (D132)
INVEST_02,nhse_eng_ed,nhse_eng_ed,dropped,dictionary v14 sheet linked_nhse_health_records row 323,outside CD3's request to OFH (D132)
INVEST_03,nhse_eng_ed,nhse_eng_ed,dropped,dictionary v14 sheet linked_nhse_health_records row 324,outside CD3's request to OFH (D132)
INVEST_04,nhse_eng_ed,nhse_eng_ed,dropped,dictionary v14 sheet linked_nhse_health_records row 325,outside CD3's request to OFH (D132)
INVEST_05,nhse_eng_ed,nhse_eng_ed,dropped,dictionary v14 sheet linked_nhse_health_records row 326,outside CD3's request to OFH (D132)
INVEST_06,nhse_eng_ed,nhse_eng_ed,dropped,dictionary v14 sheet linked_nhse_health_records row 327,outside CD3's request to OFH (D132)
INVEST_07,nhse_eng_ed,nhse_eng_ed,dropped,dictionary v14 sheet linked_nhse_health_records row 328,outside CD3's request to OFH (D132)
INVEST_08,nhse_eng_ed,nhse_eng_ed,dropped,dictionary v14 sheet linked_nhse_health_records row 329,outside CD3's request to OFH (D132)
INVEST_09,nhse_eng_ed,nhse_eng_ed,dropped,dictionary v14 sheet linked_nhse_health_records row 330,outside CD3's request to OFH (D132)
INVEST_10,nhse_eng_ed,nhse_eng_ed,dropped,dictionary v14 sheet linked_nhse_health_records row 331,outside CD3's request to OFH (D132)
INVEST_11,nhse_eng_ed,nhse_eng_ed,dropped,dictionary v14 sheet linked_nhse_health_records row 332,outside CD3's request to OFH (D132)
INVEST_12,nhse_eng_ed,nhse_eng_ed,dropped,dictionary v14 sheet linked_nhse_health_records row 333,outside CD3's request to OFH (D132)
PID,nhse_eng_ed,nhse_eng_ed,dropped,dictionary v14 sheet linked_nhse_health_records row 334,outside CD3's request to OFH (D132)
PROCODE3_OFH,nhse_eng_ed,nhse_eng_ed,dropped,dictionary v14 sheet linked_nhse_health_records row 335,outside CD3's request to OFH (D132)
PROTYPE,nhse_eng_ed,nhse_eng_ed,dropped,dictionary v14 sheet linked_nhse_health_records row 336,outside CD3's request to OFH (D132)
ROW_ID,nhse_eng_ed,nhse_eng_ed,dropped,dictionary v14 sheet linked_nhse_health_records row 337,outside CD3's request to OFH (D132)
SUSSPELLID,nhse_eng_ed,nhse_eng_ed,dropped,dictionary v14 sheet linked_nhse_health_records row 338,outside CD3's request to OFH (D132)
TREAT_01,nhse_eng_ed,nhse_eng_ed,dropped,dictionary v14 sheet linked_nhse_health_records row 339,outside CD3's request to OFH (D132)
TREAT_02,nhse_eng_ed,nhse_eng_ed,dropped,dictionary v14 sheet linked_nhse_health_records row 340,outside CD3's request to OFH (D132)
TREAT_03,nhse_eng_ed,nhse_eng_ed,dropped,dictionary v14 sheet linked_nhse_health_records row 341,outside CD3's request to OFH (D132)
TREAT_04,nhse_eng_ed,nhse_eng_ed,dropped,dictionary v14 sheet linked_nhse_health_records row 342,outside CD3's request to OFH (D132)
TREAT_05,nhse_eng_ed,nhse_eng_ed,dropped,dictionary v14 sheet linked_nhse_health_records row 343,outside CD3's request to OFH (D132)
TREAT_06,nhse_eng_ed,nhse_eng_ed,dropped,dictionary v14 sheet linked_nhse_health_records row 344,outside CD3's request to OFH (D132)
TREAT_07,nhse_eng_ed,nhse_eng_ed,dropped,dictionary v14 sheet linked_nhse_health_records row 345,outside CD3's request to OFH (D132)
TREAT_08,nhse_eng_ed,nhse_eng_ed,dropped,dictionary v14 sheet linked_nhse_health_records row 346,outside CD3's request to OFH (D132)
TREAT_09,nhse_eng_ed,nhse_eng_ed,dropped,dictionary v14 sheet linked_nhse_health_records row 347,outside CD3's request to OFH (D132)
TREAT_10,nhse_eng_ed,nhse_eng_ed,dropped,dictionary v14 sheet linked_nhse_health_records row 348,outside CD3's request to OFH (D132)
TREAT_11,nhse_eng_ed,nhse_eng_ed,dropped,dictionary v14 sheet linked_nhse_health_records row 349,outside CD3's request to OFH (D132)
TREAT_12,nhse_eng_ed,nhse_eng_ed,dropped,dictionary v14 sheet linked_nhse_health_records row 350,outside CD3's request to OFH (D132)
TRETTIME,nhse_eng_ed,nhse_eng_ed,dropped,dictionary v14 sheet linked_nhse_health_records row 351,outside CD3's request to OFH (D132)
ACSCFLAG,nhse_eng_inpat,nhse_eng_inpat,converted,dictionary v14 sheet linked_nhse_health_records row 352,
ADMIDATE,nhse_eng_inpat,nhse_eng_inpat,converted,dictionary v14 sheet linked_nhse_health_records row 353,
ADMIMETH,nhse_eng_inpat,nhse_eng_inpat,converted,dictionary v14 sheet linked_nhse_health_records row 354,
ADMINCAT,nhse_eng_inpat,nhse_eng_inpat,converted,dictionary v14 sheet linked_nhse_health_records row 355,
ADMISORC,nhse_eng_inpat,nhse_eng_inpat,converted,dictionary v14 sheet linked_nhse_health_records row 356,
AEKEY,nhse_eng_inpat,nhse_eng_inpat,converted,dictionary v14 sheet linked_nhse_health_records row 357,
BEDYEAR,nhse_eng_inpat,nhse_eng_inpat,converted,dictionary v14 sheet linked_nhse_health_records row 358,
CARERSI,nhse_eng_inpat,nhse_eng_inpat,converted,dictionary v14 sheet linked_nhse_health_records row 359,
CLASSPAT,nhse_eng_inpat,nhse_eng_inpat,converted,dictionary v14 sheet linked_nhse_health_records row 360,
DIAG_4_01,nhse_eng_inpat,nhse_eng_inpat,converted,dictionary v14 sheet linked_nhse_health_records row 361,
DIAG_4_02,nhse_eng_inpat,nhse_eng_inpat,converted,dictionary v14 sheet linked_nhse_health_records row 362,
DIAG_4_03,nhse_eng_inpat,nhse_eng_inpat,converted,dictionary v14 sheet linked_nhse_health_records row 363,
DIAG_4_04,nhse_eng_inpat,nhse_eng_inpat,converted,dictionary v14 sheet linked_nhse_health_records row 364,
DIAG_4_05,nhse_eng_inpat,nhse_eng_inpat,converted,dictionary v14 sheet linked_nhse_health_records row 365,
DIAG_4_06,nhse_eng_inpat,nhse_eng_inpat,converted,dictionary v14 sheet linked_nhse_health_records row 366,
DIAG_4_07,nhse_eng_inpat,nhse_eng_inpat,converted,dictionary v14 sheet linked_nhse_health_records row 367,
DIAG_4_08,nhse_eng_inpat,nhse_eng_inpat,converted,dictionary v14 sheet linked_nhse_health_records row 368,
DIAG_4_09,nhse_eng_inpat,nhse_eng_inpat,converted,dictionary v14 sheet linked_nhse_health_records row 369,
DIAG_4_10,nhse_eng_inpat,nhse_eng_inpat,converted,dictionary v14 sheet linked_nhse_health_records row 370,
DIAG_4_11,nhse_eng_inpat,nhse_eng_inpat,converted,dictionary v14 sheet linked_nhse_health_records row 371,
DIAG_4_12,nhse_eng_inpat,nhse_eng_inpat,converted,dictionary v14 sheet linked_nhse_health_records row 372,
DIAG_4_13,nhse_eng_inpat,nhse_eng_inpat,converted,dictionary v14 sheet linked_nhse_health_records row 373,
DIAG_4_14,nhse_eng_inpat,nhse_eng_inpat,converted,dictionary v14 sheet linked_nhse_health_records row 374,
DIAG_4_15,nhse_eng_inpat,nhse_eng_inpat,converted,dictionary v14 sheet linked_nhse_health_records row 375,
DIAG_4_16,nhse_eng_inpat,nhse_eng_inpat,converted,dictionary v14 sheet linked_nhse_health_records row 376,
DIAG_4_17,nhse_eng_inpat,nhse_eng_inpat,converted,dictionary v14 sheet linked_nhse_health_records row 377,
DIAG_4_18,nhse_eng_inpat,nhse_eng_inpat,converted,dictionary v14 sheet linked_nhse_health_records row 378,
DIAG_4_19,nhse_eng_inpat,nhse_eng_inpat,converted,dictionary v14 sheet linked_nhse_health_records row 379,
DIAG_4_20,nhse_eng_inpat,nhse_eng_inpat,converted,dictionary v14 sheet linked_nhse_health_records row 380,
DISDATE,nhse_eng_inpat,nhse_eng_inpat,converted,dictionary v14 sheet linked_nhse_health_records row 381,
DISDEST,nhse_eng_inpat,nhse_eng_inpat,converted,dictionary v14 sheet linked_nhse_health_records row 382,
DISMETH,nhse_eng_inpat,nhse_eng_inpat,converted,dictionary v14 sheet linked_nhse_health_records row 383,
DISREADYDATE,nhse_eng_inpat,nhse_eng_inpat,converted,dictionary v14 sheet linked_nhse_health_records row 384,
ELECDATE,nhse_eng_inpat,nhse_eng_inpat,converted,dictionary v14 sheet linked_nhse_health_records row 385,
ELECDUR,nhse_eng_inpat,nhse_eng_inpat,converted,dictionary v14 sheet linked_nhse_health_records row 386,
EPIDUR,nhse_eng_inpat,nhse_eng_inpat,converted,dictionary v14 sheet linked_nhse_health_records row 387,
EPIEND,nhse_eng_inpat,nhse_eng_inpat,converted,dictionary v14 sheet linked_nhse_health_records row 388,
EPIKEY,nhse_eng_inpat,nhse_eng_inpat,converted,dictionary v14 sheet linked_nhse_health_records row 389,
EPIORDER,nhse_eng_inpat,nhse_eng_inpat,converted,dictionary v14 sheet linked_nhse_health_records row 390,
EPISTART,nhse_eng_inpat,nhse_eng_inpat,converted,dictionary v14 sheet linked_nhse_health_records row 391,
EPITYPE,nhse_eng_inpat,nhse_eng_inpat,converted,dictionary v14 sheet linked_nhse_health_records row 392,
FIRSTREG,nhse_eng_inpat,nhse_eng_inpat,converted,dictionary v14 sheet linked_nhse_health_records row 393,
IMD04_DECILE,nhse_eng_inpat,nhse_eng_inpat,converted,dictionary v14 sheet linked_nhse_health_records row 394,
INTMANIG,nhse_eng_inpat,nhse_eng_inpat,converted,dictionary v14 sheet linked_nhse_health_records row 395,
MAINSPEF,nhse_eng_inpat,nhse_eng_inpat,converted,dictionary v14 sheet linked_nhse_health_records row 396,
OPDATE_01,nhse_eng_inpat,nhse_eng_inpat,converted,dictionary v14 sheet linked_nhse_health_records row 397,
OPDATE_02,nhse_eng_inpat,nhse_eng_inpat,converted,dictionary v14 sheet linked_nhse_health_records row 398,
OPDATE_03,nhse_eng_inpat,nhse_eng_inpat,converted,dictionary v14 sheet linked_nhse_health_records row 399,
OPDATE_04,nhse_eng_inpat,nhse_eng_inpat,converted,dictionary v14 sheet linked_nhse_health_records row 400,
OPDATE_05,nhse_eng_inpat,nhse_eng_inpat,converted,dictionary v14 sheet linked_nhse_health_records row 401,
OPDATE_06,nhse_eng_inpat,nhse_eng_inpat,converted,dictionary v14 sheet linked_nhse_health_records row 402,
OPDATE_07,nhse_eng_inpat,nhse_eng_inpat,converted,dictionary v14 sheet linked_nhse_health_records row 403,
OPDATE_08,nhse_eng_inpat,nhse_eng_inpat,converted,dictionary v14 sheet linked_nhse_health_records row 404,
OPDATE_09,nhse_eng_inpat,nhse_eng_inpat,converted,dictionary v14 sheet linked_nhse_health_records row 405,
OPDATE_10,nhse_eng_inpat,nhse_eng_inpat,converted,dictionary v14 sheet linked_nhse_health_records row 406,
OPDATE_11,nhse_eng_inpat,nhse_eng_inpat,converted,dictionary v14 sheet linked_nhse_health_records row 407,
OPDATE_12,nhse_eng_inpat,nhse_eng_inpat,converted,dictionary v14 sheet linked_nhse_health_records row 408,
OPDATE_13,nhse_eng_inpat,nhse_eng_inpat,converted,dictionary v14 sheet linked_nhse_health_records row 409,
OPDATE_14,nhse_eng_inpat,nhse_eng_inpat,converted,dictionary v14 sheet linked_nhse_health_records row 410,
OPDATE_15,nhse_eng_inpat,nhse_eng_inpat,converted,dictionary v14 sheet linked_nhse_health_records row 411,
OPDATE_16,nhse_eng_inpat,nhse_eng_inpat,converted,dictionary v14 sheet linked_nhse_health_records row 412,
OPDATE_17,nhse_eng_inpat,nhse_eng_inpat,converted,dictionary v14 sheet linked_nhse_health_records row 413,
OPDATE_18,nhse_eng_inpat,nhse_eng_inpat,converted,dictionary v14 sheet linked_nhse_health_records row 414,
OPDATE_19,nhse_eng_inpat,nhse_eng_inpat,converted,dictionary v14 sheet linked_nhse_health_records row 415,
OPDATE_20,nhse_eng_inpat,nhse_eng_inpat,converted,dictionary v14 sheet linked_nhse_health_records row 416,
OPDATE_21,nhse_eng_inpat,nhse_eng_inpat,converted,dictionary v14 sheet linked_nhse_health_records row 417,
OPDATE_22,nhse_eng_inpat,nhse_eng_inpat,converted,dictionary v14 sheet linked_nhse_health_records row 418,
OPDATE_23,nhse_eng_inpat,nhse_eng_inpat,converted,dictionary v14 sheet linked_nhse_health_records row 419,
OPDATE_24,nhse_eng_inpat,nhse_eng_inpat,converted,dictionary v14 sheet linked_nhse_health_records row 420,
OPERSTAT,nhse_eng_inpat,nhse_eng_inpat,converted,dictionary v14 sheet linked_nhse_health_records row 421,
OPERTN_01,nhse_eng_inpat,nhse_eng_inpat,converted,dictionary v14 sheet linked_nhse_health_records row 422,
OPERTN_02,nhse_eng_inpat,nhse_eng_inpat,converted,dictionary v14 sheet linked_nhse_health_records row 423,
OPERTN_03,nhse_eng_inpat,nhse_eng_inpat,converted,dictionary v14 sheet linked_nhse_health_records row 424,
OPERTN_04,nhse_eng_inpat,nhse_eng_inpat,converted,dictionary v14 sheet linked_nhse_health_records row 425,
OPERTN_05,nhse_eng_inpat,nhse_eng_inpat,converted,dictionary v14 sheet linked_nhse_health_records row 426,
OPERTN_06,nhse_eng_inpat,nhse_eng_inpat,converted,dictionary v14 sheet linked_nhse_health_records row 427,
OPERTN_07,nhse_eng_inpat,nhse_eng_inpat,converted,dictionary v14 sheet linked_nhse_health_records row 428,
OPERTN_08,nhse_eng_inpat,nhse_eng_inpat,converted,dictionary v14 sheet linked_nhse_health_records row 429,
OPERTN_09,nhse_eng_inpat,nhse_eng_inpat,converted,dictionary v14 sheet linked_nhse_health_records row 430,
OPERTN_10,nhse_eng_inpat,nhse_eng_inpat,converted,dictionary v14 sheet linked_nhse_health_records row 431,
OPERTN_11,nhse_eng_inpat,nhse_eng_inpat,converted,dictionary v14 sheet linked_nhse_health_records row 432,
OPERTN_12,nhse_eng_inpat,nhse_eng_inpat,converted,dictionary v14 sheet linked_nhse_health_records row 433,
OPERTN_13,nhse_eng_inpat,nhse_eng_inpat,converted,dictionary v14 sheet linked_nhse_health_records row 434,
OPERTN_14,nhse_eng_inpat,nhse_eng_inpat,converted,dictionary v14 sheet linked_nhse_health_records row 435,
OPERTN_15,nhse_eng_inpat,nhse_eng_inpat,converted,dictionary v14 sheet linked_nhse_health_records row 436,
OPERTN_16,nhse_eng_inpat,nhse_eng_inpat,converted,dictionary v14 sheet linked_nhse_health_records row 437,
OPERTN_17,nhse_eng_inpat,nhse_eng_inpat,converted,dictionary v14 sheet linked_nhse_health_records row 438,
OPERTN_18,nhse_eng_inpat,nhse_eng_inpat,converted,dictionary v14 sheet linked_nhse_health_records row 439,
OPERTN_19,nhse_eng_inpat,nhse_eng_inpat,converted,dictionary v14 sheet linked_nhse_health_records row 440,
OPERTN_20,nhse_eng_inpat,nhse_eng_inpat,converted,dictionary v14 sheet linked_nhse_health_records row 441,
OPERTN_21,nhse_eng_inpat,nhse_eng_inpat,converted,dictionary v14 sheet linked_nhse_health_records row 442,
OPERTN_22,nhse_eng_inpat,nhse_eng_inpat,converted,dictionary v14 sheet linked_nhse_health_records row 443,
OPERTN_23,nhse_eng_inpat,nhse_eng_inpat,converted,dictionary v14 sheet linked_nhse_health_records row 444,
OPERTN_24,nhse_eng_inpat,nhse_eng_inpat,converted,dictionary v14 sheet linked_nhse_health_records row 445,
PID,nhse_eng_inpat,nhse_eng_inpat,converted,dictionary v14 sheet linked_nhse_health_records row 446,
POSOPDUR,nhse_eng_inpat,nhse_eng_inpat,converted,dictionary v14 sheet linked_nhse_health_records row 447,
PREOPDUR,nhse_eng_inpat,nhse_eng_inpat,converted,dictionary v14 sheet linked_nhse_health_records row 448,
PROCODE3_OFH,nhse_eng_inpat,nhse_eng_inpat,converted,dictionary v14 sheet linked_nhse_health_records row 449,
PROTYPE,nhse_eng_inpat,nhse_eng_inpat,converted,dictionary v14 sheet linked_nhse_health_records row 450,
ROW_ID,nhse_eng_inpat,nhse_eng_inpat,converted,dictionary v14 sheet linked_nhse_health_records row 451,
RTTPEREND,nhse_eng_inpat,nhse_eng_inpat,converted,dictionary v14 sheet linked_nhse_health_records row 452,
RTTPERSTART,nhse_eng_inpat,nhse_eng_inpat,converted,dictionary v14 sheet linked_nhse_health_records row 453,
RTTPERSTAT,nhse_eng_inpat,nhse_eng_inpat,converted,dictionary v14 sheet linked_nhse_health_records row 454,
SPELBGIN,nhse_eng_inpat,nhse_eng_inpat,converted,dictionary v14 sheet linked_nhse_health_records row 455,
SPELEND,nhse_eng_inpat,nhse_eng_inpat,converted,dictionary v14 sheet linked_nhse_health_records row 456,
SUSRECID,nhse_eng_inpat,nhse_eng_inpat,converted,dictionary v14 sheet linked_nhse_health_records row 457,
SUSSPELLID,nhse_eng_inpat,nhse_eng_inpat,converted,dictionary v14 sheet linked_nhse_health_records row 458,
TRETSPEF,nhse_eng_inpat,nhse_eng_inpat,converted,dictionary v14 sheet linked_nhse_health_records row 459,
ADMINCAT,nhse_eng_outpat,nhse_eng_outpat,converted,dictionary v14 sheet linked_nhse_health_records row 460,
APPTDATE,nhse_eng_outpat,nhse_eng_outpat,converted,dictionary v14 sheet linked_nhse_health_records row 461,
ATTENDED,nhse_eng_outpat,nhse_eng_outpat,converted,dictionary v14 sheet linked_nhse_health_records row 462,
ATTENDKEY,nhse_eng_outpat,nhse_eng_outpat,converted,dictionary v14 sheet linked_nhse_health_records row 463,
DIAG_4_01,nhse_eng_outpat,nhse_eng_outpat,converted,dictionary v14 sheet linked_nhse_health_records row 464,
DIAG_4_02,nhse_eng_outpat,nhse_eng_outpat,converted,dictionary v14 sheet linked_nhse_health_records row 465,
DIAG_4_03,nhse_eng_outpat,nhse_eng_outpat,converted,dictionary v14 sheet linked_nhse_health_records row 466,
DIAG_4_04,nhse_eng_outpat,nhse_eng_outpat,converted,dictionary v14 sheet linked_nhse_health_records row 467,
DIAG_4_05,nhse_eng_outpat,nhse_eng_outpat,converted,dictionary v14 sheet linked_nhse_health_records row 468,
DIAG_4_06,nhse_eng_outpat,nhse_eng_outpat,converted,dictionary v14 sheet linked_nhse_health_records row 469,
DIAG_4_07,nhse_eng_outpat,nhse_eng_outpat,converted,dictionary v14 sheet linked_nhse_health_records row 470,
DIAG_4_08,nhse_eng_outpat,nhse_eng_outpat,converted,dictionary v14 sheet linked_nhse_health_records row 471,
DIAG_4_09,nhse_eng_outpat,nhse_eng_outpat,converted,dictionary v14 sheet linked_nhse_health_records row 472,
DIAG_4_10,nhse_eng_outpat,nhse_eng_outpat,converted,dictionary v14 sheet linked_nhse_health_records row 473,
DIAG_4_11,nhse_eng_outpat,nhse_eng_outpat,converted,dictionary v14 sheet linked_nhse_health_records row 474,
DIAG_4_12,nhse_eng_outpat,nhse_eng_outpat,converted,dictionary v14 sheet linked_nhse_health_records row 475,
FIRSTATT,nhse_eng_outpat,nhse_eng_outpat,converted,dictionary v14 sheet linked_nhse_health_records row 476,
IMD04_DECILE,nhse_eng_outpat,nhse_eng_outpat,converted,dictionary v14 sheet linked_nhse_health_records row 477,
MAINSPEF,nhse_eng_outpat,nhse_eng_outpat,converted,dictionary v14 sheet linked_nhse_health_records row 478,
OPERTN_01,nhse_eng_outpat,nhse_eng_outpat,converted,dictionary v14 sheet linked_nhse_health_records row 479,
OPERTN_02,nhse_eng_outpat,nhse_eng_outpat,converted,dictionary v14 sheet linked_nhse_health_records row 480,
OPERTN_03,nhse_eng_outpat,nhse_eng_outpat,converted,dictionary v14 sheet linked_nhse_health_records row 481,
OPERTN_04,nhse_eng_outpat,nhse_eng_outpat,converted,dictionary v14 sheet linked_nhse_health_records row 482,
OPERTN_05,nhse_eng_outpat,nhse_eng_outpat,converted,dictionary v14 sheet linked_nhse_health_records row 483,
OPERTN_06,nhse_eng_outpat,nhse_eng_outpat,converted,dictionary v14 sheet linked_nhse_health_records row 484,
OPERTN_07,nhse_eng_outpat,nhse_eng_outpat,converted,dictionary v14 sheet linked_nhse_health_records row 485,
OPERTN_08,nhse_eng_outpat,nhse_eng_outpat,converted,dictionary v14 sheet linked_nhse_health_records row 486,
OPERTN_09,nhse_eng_outpat,nhse_eng_outpat,converted,dictionary v14 sheet linked_nhse_health_records row 487,
OPERTN_10,nhse_eng_outpat,nhse_eng_outpat,converted,dictionary v14 sheet linked_nhse_health_records row 488,
OPERTN_11,nhse_eng_outpat,nhse_eng_outpat,converted,dictionary v14 sheet linked_nhse_health_records row 489,
OPERTN_12,nhse_eng_outpat,nhse_eng_outpat,converted,dictionary v14 sheet linked_nhse_health_records row 490,
OPERTN_13,nhse_eng_outpat,nhse_eng_outpat,converted,dictionary v14 sheet linked_nhse_health_records row 491,
OPERTN_14,nhse_eng_outpat,nhse_eng_outpat,converted,dictionary v14 sheet linked_nhse_health_records row 492,
OPERTN_15,nhse_eng_outpat,nhse_eng_outpat,converted,dictionary v14 sheet linked_nhse_health_records row 493,
OPERTN_16,nhse_eng_outpat,nhse_eng_outpat,converted,dictionary v14 sheet linked_nhse_health_records row 494,
OPERTN_17,nhse_eng_outpat,nhse_eng_outpat,converted,dictionary v14 sheet linked_nhse_health_records row 495,
OPERTN_18,nhse_eng_outpat,nhse_eng_outpat,converted,dictionary v14 sheet linked_nhse_health_records row 496,
OPERTN_19,nhse_eng_outpat,nhse_eng_outpat,converted,dictionary v14 sheet linked_nhse_health_records row 497,
OPERTN_20,nhse_eng_outpat,nhse_eng_outpat,converted,dictionary v14 sheet linked_nhse_health_records row 498,
OPERTN_21,nhse_eng_outpat,nhse_eng_outpat,converted,dictionary v14 sheet linked_nhse_health_records row 499,
OPERTN_22,nhse_eng_outpat,nhse_eng_outpat,converted,dictionary v14 sheet linked_nhse_health_records row 500,
OPERTN_23,nhse_eng_outpat,nhse_eng_outpat,converted,dictionary v14 sheet linked_nhse_health_records row 501,
OPERTN_24,nhse_eng_outpat,nhse_eng_outpat,converted,dictionary v14 sheet linked_nhse_health_records row 502,
OUTCOME,nhse_eng_outpat,nhse_eng_outpat,converted,dictionary v14 sheet linked_nhse_health_records row 503,
PID,nhse_eng_outpat,nhse_eng_outpat,converted,dictionary v14 sheet linked_nhse_health_records row 504,
PRIORITY,nhse_eng_outpat,nhse_eng_outpat,converted,dictionary v14 sheet linked_nhse_health_records row 505,
PROCODE3_OFH,nhse_eng_outpat,nhse_eng_outpat,converted,dictionary v14 sheet linked_nhse_health_records row 506,
PROTYPE,nhse_eng_outpat,nhse_eng_outpat,converted,dictionary v14 sheet linked_nhse_health_records row 507,
REFSOURC,nhse_eng_outpat,nhse_eng_outpat,converted,dictionary v14 sheet linked_nhse_health_records row 508,
ROW_ID,nhse_eng_outpat,nhse_eng_outpat,converted,dictionary v14 sheet linked_nhse_health_records row 509,
RTTPEREND,nhse_eng_outpat,nhse_eng_outpat,converted,dictionary v14 sheet linked_nhse_health_records row 510,
RTTPERSTART,nhse_eng_outpat,nhse_eng_outpat,converted,dictionary v14 sheet linked_nhse_health_records row 511,
RTTPERSTAT,nhse_eng_outpat,nhse_eng_outpat,converted,dictionary v14 sheet linked_nhse_health_records row 512,
SUSSPELLID,nhse_eng_outpat,nhse_eng_outpat,converted,dictionary v14 sheet linked_nhse_health_records row 513,
TRETSPEF,nhse_eng_outpat,nhse_eng_outpat,converted,dictionary v14 sheet linked_nhse_health_records row 514,
BSAPrescriptionID,nhse_eng_primcare_meds,nhse_eng_primcare_meds,converted,dictionary v14 sheet linked_nhse_health_records row 515,
ChargeStatus,nhse_eng_primcare_meds,nhse_eng_primcare_meds,converted,dictionary v14 sheet linked_nhse_health_records row 516,
CostCentreODSCode_OFH,nhse_eng_primcare_meds,nhse_eng_primcare_meds,converted,dictionary v14 sheet linked_nhse_health_records row 517,
CostCentreSubType,nhse_eng_primcare_meds,nhse_eng_primcare_meds,converted,dictionary v14 sheet linked_nhse_health_records row 518,
CostCentreType,nhse_eng_primcare_meds,nhse_eng_primcare_meds,converted,dictionary v14 sheet linked_nhse_health_records row 519,
DispensedPharmacyType,nhse_eng_primcare_meds,nhse_eng_primcare_meds,converted,dictionary v14 sheet linked_nhse_health_records row 520,
ItemActualCost,nhse_eng_primcare_meds,nhse_eng_primcare_meds,converted,dictionary v14 sheet linked_nhse_health_records row 521,
ItemID,nhse_eng_primcare_meds,nhse_eng_primcare_meds,converted,dictionary v14 sheet linked_nhse_health_records row 522,
ItemNIC,nhse_eng_primcare_meds,nhse_eng_primcare_meds,converted,dictionary v14 sheet linked_nhse_health_records row 523,
MaternityExemptionFlag,nhse_eng_primcare_meds,nhse_eng_primcare_meds,converted,dictionary v14 sheet linked_nhse_health_records row 524,
OutOfHoursIndicator,nhse_eng_primcare_meds,nhse_eng_primcare_meds,converted,dictionary v14 sheet linked_nhse_health_records row 525,
PID,nhse_eng_primcare_meds,nhse_eng_primcare_meds,converted,dictionary v14 sheet linked_nhse_health_records row 526,
PaidBNFCode,nhse_eng_primcare_meds,nhse_eng_primcare_meds,converted,dictionary v14 sheet linked_nhse_health_records row 527,
PaidBNFName,nhse_eng_primcare_meds,nhse_eng_primcare_meds,converted,dictionary v14 sheet linked_nhse_health_records row 528,
PaidDissallowedIndicator,nhse_eng_primcare_meds,nhse_eng_primcare_meds,converted,dictionary v14 sheet linked_nhse_health_records row 529,
PaidDrugStrength,nhse_eng_primcare_meds,nhse_eng_primcare_meds,converted,dictionary v14 sheet linked_nhse_health_records row 530,
PaidFlavourIndicator,nhse_eng_primcare_meds,nhse_eng_primcare_meds,converted,dictionary v14 sheet linked_nhse_health_records row 531,
PaidFormulation,nhse_eng_primcare_meds,nhse_eng_primcare_meds,converted,dictionary v14 sheet linked_nhse_health_records row 532,
PaidIndicator,nhse_eng_primcare_meds,nhse_eng_primcare_meds,converted,dictionary v14 sheet linked_nhse_health_records row 533,
PaidQuantity,nhse_eng_primcare_meds,nhse_eng_primcare_meds,converted,dictionary v14 sheet linked_nhse_health_records row 534,
PaidSupplierName,nhse_eng_primcare_meds,nhse_eng_primcare_meds,converted,dictionary v14 sheet linked_nhse_health_records row 535,
PaiddmdCode,nhse_eng_primcare_meds,nhse_eng_primcare_meds,converted,dictionary v14 sheet linked_nhse_health_records row 536,
PrescribedBNFCode,nhse_eng_primcare_meds,nhse_eng_primcare_meds,converted,dictionary v14 sheet linked_nhse_health_records row 537,
PrescribedBNFName,nhse_eng_primcare_meds,nhse_eng_primcare_meds,converted,dictionary v14 sheet linked_nhse_health_records row 538,
PrescribedFormulation,nhse_eng_primcare_meds,nhse_eng_primcare_meds,converted,dictionary v14 sheet linked_nhse_health_records row 539,
PrescribedMedicineStrength,nhse_eng_primcare_meds,nhse_eng_primcare_meds,converted,dictionary v14 sheet linked_nhse_health_records row 540,
PrescribedQuantity,nhse_eng_primcare_meds,nhse_eng_primcare_meds,converted,dictionary v14 sheet linked_nhse_health_records row 541,
PrescribeddmdCode,nhse_eng_primcare_meds,nhse_eng_primcare_meds,converted,dictionary v14 sheet linked_nhse_health_records row 542,
PrescriberType,nhse_eng_primcare_meds,nhse_eng_primcare_meds,converted,dictionary v14 sheet linked_nhse_health_records row 543,
PrivatePrescriptionIndicator,nhse_eng_primcare_meds,nhse_eng_primcare_meds,converted,dictionary v14 sheet linked_nhse_health_records row 544,
ProcessedPeriod,nhse_eng_primcare_meds,nhse_eng_primcare_meds,converted,dictionary v14 sheet linked_nhse_health_records row 545,
ProcessingPeriodDate,nhse_eng_primcare_meds,nhse_eng_primcare_meds,converted,dictionary v14 sheet linked_nhse_health_records row 546,
ROW_ID,nhse_eng_primcare_meds,nhse_eng_primcare_meds,converted,dictionary v14 sheet linked_nhse_health_records row 547,
PID,nhse_engwal_deaths,nhse_engwal_deaths,converted,dictionary v14 sheet linked_nhse_health_records row 548,
REG_DATE,nhse_engwal_deaths,nhse_engwal_deaths,converted,dictionary v14 sheet linked_nhse_health_records row 549,
REG_DATE_OF_DEATH,nhse_engwal_deaths,nhse_engwal_deaths,converted,dictionary v14 sheet linked_nhse_health_records row 550,
ROW_ID,nhse_engwal_deaths,nhse_engwal_deaths,converted,dictionary v14 sheet linked_nhse_health_records row 551,
S_COD_CODE_1,nhse_engwal_deaths,nhse_engwal_deaths,converted,dictionary v14 sheet linked_nhse_health_records row 552,
S_COD_CODE_10,nhse_engwal_deaths,nhse_engwal_deaths,converted,dictionary v14 sheet linked_nhse_health_records row 553,
S_COD_CODE_11,nhse_engwal_deaths,nhse_engwal_deaths,converted,dictionary v14 sheet linked_nhse_health_records row 554,
S_COD_CODE_12,nhse_engwal_deaths,nhse_engwal_deaths,converted,dictionary v14 sheet linked_nhse_health_records row 555,
S_COD_CODE_13,nhse_engwal_deaths,nhse_engwal_deaths,converted,dictionary v14 sheet linked_nhse_health_records row 556,
S_COD_CODE_14,nhse_engwal_deaths,nhse_engwal_deaths,converted,dictionary v14 sheet linked_nhse_health_records row 557,
S_COD_CODE_15,nhse_engwal_deaths,nhse_engwal_deaths,converted,dictionary v14 sheet linked_nhse_health_records row 558,
S_COD_CODE_2,nhse_engwal_deaths,nhse_engwal_deaths,converted,dictionary v14 sheet linked_nhse_health_records row 559,
S_COD_CODE_3,nhse_engwal_deaths,nhse_engwal_deaths,converted,dictionary v14 sheet linked_nhse_health_records row 560,
S_COD_CODE_4,nhse_engwal_deaths,nhse_engwal_deaths,converted,dictionary v14 sheet linked_nhse_health_records row 561,
S_COD_CODE_5,nhse_engwal_deaths,nhse_engwal_deaths,converted,dictionary v14 sheet linked_nhse_health_records row 562,
S_COD_CODE_6,nhse_engwal_deaths,nhse_engwal_deaths,converted,dictionary v14 sheet linked_nhse_health_records row 563,
S_COD_CODE_7,nhse_engwal_deaths,nhse_engwal_deaths,converted,dictionary v14 sheet linked_nhse_health_records row 564,
S_COD_CODE_8,nhse_engwal_deaths,nhse_engwal_deaths,converted,dictionary v14 sheet linked_nhse_health_records row 565,
S_COD_CODE_9,nhse_engwal_deaths,nhse_engwal_deaths,converted,dictionary v14 sheet linked_nhse_health_records row 566,
S_UNDERLYING_COD_ICD10,nhse_engwal_deaths,nhse_engwal_deaths,converted,dictionary v14 sheet linked_nhse_health_records row 567,
PID,participant_nhs_linked,participant_nhs_linked,converted,dictionary v14 sheet linked_nhse_health_records row 568,
ROW_ID,participant_nhs_linked,participant_nhs_linked,converted,dictionary v14 sheet linked_nhse_health_records row 569,
PID,genotype_sample_qc_metrics,genotype_sample_qc_metrics,converted,dictionary v14 sheet genetic_data row 2,
plate,genotype_sample_qc_metrics,genotype_sample_qc_metrics,converted,dictionary v14 sheet genetic_data row 3,
genetic_sex,genotype_sample_qc_metrics,genotype_sample_qc_metrics,converted,dictionary v14 sheet genetic_data row 4,
batch,genotype_sample_qc_metrics,genotype_sample_qc_metrics,converted,dictionary v14 sheet genetic_data row 5,
call_rate,genotype_sample_qc_metrics,genotype_sample_qc_metrics,converted,dictionary v14 sheet genetic_data row 6,
array_manifest_version,genotype_sample_qc_metrics,genotype_sample_qc_metrics,converted,dictionary v14 sheet genetic_data row 7,
PC1,genotype_sample_qc_metrics,genotype_sample_qc_metrics,converted,dictionary v14 sheet genetic_data row 8,
PC2,genotype_sample_qc_metrics,genotype_sample_qc_metrics,converted,dictionary v14 sheet genetic_data row 8,
PC3,genotype_sample_qc_metrics,genotype_sample_qc_metrics,converted,dictionary v14 sheet genetic_data row 8,
PC4,genotype_sample_qc_metrics,genotype_sample_qc_metrics,converted,dictionary v14 sheet genetic_data row 8,
PC5,genotype_sample_qc_metrics,genotype_sample_qc_metrics,converted,dictionary v14 sheet genetic_data row 8,
PC6,genotype_sample_qc_metrics,genotype_sample_qc_metrics,converted,dictionary v14 sheet genetic_data row 8,
PC7,genotype_sample_qc_metrics,genotype_sample_qc_metrics,converted,dictionary v14 sheet genetic_data row 8,
PC8,genotype_sample_qc_metrics,genotype_sample_qc_metrics,converted,dictionary v14 sheet genetic_data row 8,
PC9,genotype_sample_qc_metrics,genotype_sample_qc_metrics,converted,dictionary v14 sheet genetic_data row 8,
PC10,genotype_sample_qc_metrics,genotype_sample_qc_metrics,converted,dictionary v14 sheet genetic_data row 8,
PC11,genotype_sample_qc_metrics,genotype_sample_qc_metrics,converted,dictionary v14 sheet genetic_data row 8,
PC12,genotype_sample_qc_metrics,genotype_sample_qc_metrics,converted,dictionary v14 sheet genetic_data row 8,
PC13,genotype_sample_qc_metrics,genotype_sample_qc_metrics,converted,dictionary v14 sheet genetic_data row 8,
PC14,genotype_sample_qc_metrics,genotype_sample_qc_metrics,converted,dictionary v14 sheet genetic_data row 8,
PC15,genotype_sample_qc_metrics,genotype_sample_qc_metrics,converted,dictionary v14 sheet genetic_data row 8,
PC16,genotype_sample_qc_metrics,genotype_sample_qc_metrics,converted,dictionary v14 sheet genetic_data row 8,
PC17,genotype_sample_qc_metrics,genotype_sample_qc_metrics,converted,dictionary v14 sheet genetic_data row 8,
PC18,genotype_sample_qc_metrics,genotype_sample_qc_metrics,converted,dictionary v14 sheet genetic_data row 8,
PC19,genotype_sample_qc_metrics,genotype_sample_qc_metrics,converted,dictionary v14 sheet genetic_data row 8,
PC20,genotype_sample_qc_metrics,genotype_sample_qc_metrics,converted,dictionary v14 sheet genetic_data row 8,
PC21,genotype_sample_qc_metrics,genotype_sample_qc_metrics,converted,dictionary v14 sheet genetic_data row 8,
PC22,genotype_sample_qc_metrics,genotype_sample_qc_metrics,converted,dictionary v14 sheet genetic_data row 8,
PC23,genotype_sample_qc_metrics,genotype_sample_qc_metrics,converted,dictionary v14 sheet genetic_data row 8,
PC24,genotype_sample_qc_metrics,genotype_sample_qc_metrics,converted,dictionary v14 sheet genetic_data row 8,
PC25,genotype_sample_qc_metrics,genotype_sample_qc_metrics,converted,dictionary v14 sheet genetic_data row 8,
PC26,genotype_sample_qc_metrics,genotype_sample_qc_metrics,converted,dictionary v14 sheet genetic_data row 8,
PC27,genotype_sample_qc_metrics,genotype_sample_qc_metrics,converted,dictionary v14 sheet genetic_data row 8,
PC28,genotype_sample_qc_metrics,genotype_sample_qc_metrics,converted,dictionary v14 sheet genetic_data row 8,
PC29,genotype_sample_qc_metrics,genotype_sample_qc_metrics,converted,dictionary v14 sheet genetic_data row 8,
PC30,genotype_sample_qc_metrics,genotype_sample_qc_metrics,converted,dictionary v14 sheet genetic_data row 8,
PC31,genotype_sample_qc_metrics,genotype_sample_qc_metrics,converted,dictionary v14 sheet genetic_data row 8,
PC32,genotype_sample_qc_metrics,genotype_sample_qc_metrics,converted,dictionary v14 sheet genetic_data row 8,
PC33,genotype_sample_qc_metrics,genotype_sample_qc_metrics,converted,dictionary v14 sheet genetic_data row 8,
PC34,genotype_sample_qc_metrics,genotype_sample_qc_metrics,converted,dictionary v14 sheet genetic_data row 8,
PC35,genotype_sample_qc_metrics,genotype_sample_qc_metrics,converted,dictionary v14 sheet genetic_data row 8,
PC36,genotype_sample_qc_metrics,genotype_sample_qc_metrics,converted,dictionary v14 sheet genetic_data row 8,
PC37,genotype_sample_qc_metrics,genotype_sample_qc_metrics,converted,dictionary v14 sheet genetic_data row 8,
PC38,genotype_sample_qc_metrics,genotype_sample_qc_metrics,converted,dictionary v14 sheet genetic_data row 8,
PC39,genotype_sample_qc_metrics,genotype_sample_qc_metrics,converted,dictionary v14 sheet genetic_data row 8,
PC40,genotype_sample_qc_metrics,genotype_sample_qc_metrics,converted,dictionary v14 sheet genetic_data row 8,
GT,snv_pvcf,snv_pvcf,converted,dictionary v14 sheet genetic_data row 9,
AC,snv_pvcf,snv_pvcf,converted,dictionary v14 sheet genetic_data row 10,
AN,snv_pvcf,snv_pvcf,converted,dictionary v14 sheet genetic_data row 11,
ID1,snv_kinship,snv_kinship,converted,dictionary v14 sheet genetic_data row 12,
ID2,snv_kinship,snv_kinship,converted,dictionary v14 sheet genetic_data row 13,
HetHet,snv_kinship,snv_kinship,converted,dictionary v14 sheet genetic_data row 14,
IBS0,snv_kinship,snv_kinship,converted,dictionary v14 sheet genetic_data row 15,
Kinship,snv_kinship,snv_kinship,converted,dictionary v14 sheet genetic_data row 16,
PID,imputed_sample_qc_metrics,imputed_sample_qc_metrics,converted,dictionary v14 sheet genetic_data row 17,
plate,imputed_sample_qc_metrics,imputed_sample_qc_metrics,converted,dictionary v14 sheet genetic_data row 18,
genetic_sex,imputed_sample_qc_metrics,imputed_sample_qc_metrics,converted,dictionary v14 sheet genetic_data row 19,
batch,imputed_sample_qc_metrics,imputed_sample_qc_metrics,converted,dictionary v14 sheet genetic_data row 20,
array_manifest_version,imputed_sample_qc_metrics,imputed_sample_qc_metrics,converted,dictionary v14 sheet genetic_data row 21,
imputation_group,imputed_sample_qc_metrics,imputed_sample_qc_metrics,converted,dictionary v14 sheet genetic_data row 22,
GT,imputed_pvcf,imputed_pvcf,converted,dictionary v14 sheet genetic_data row 23,
GP,imputed_pvcf,imputed_pvcf,converted,dictionary v14 sheet genetic_data row 24,
DR2,variant_summary_statistics,variant_summary_statistics,converted,dictionary v14 sheet genetic_data row 25,
AF,variant_summary_statistics,variant_summary_statistics,converted,dictionary v14 sheet genetic_data row 26,
N_GROUPS_IMPUTED,variant_summary_statistics,variant_summary_statistics,converted,dictionary v14 sheet genetic_data row 27,
N_GROUPS_TYPED,variant_summary_statistics,variant_summary_statistics,converted,dictionary v14 sheet genetic_data row 28,
PROP_TYPED,variant_summary_statistics,variant_summary_statistics,converted,dictionary v14 sheet genetic_data row 29,
PID,ancestry_estimation_metrics,ancestry_estimation_metrics,converted,dictionary v14 sheet genetic_data row 30,
North Africa,ancestry_estimation_metrics,ancestry_estimation_metrics,converted,dictionary v14 sheet genetic_data row 31,
East Africa,ancestry_estimation_metrics,ancestry_estimation_metrics,converted,dictionary v14 sheet genetic_data row 31,
West Africa,ancestry_estimation_metrics,ancestry_estimation_metrics,converted,dictionary v14 sheet genetic_data row 31,
Central and Southern Africa,ancestry_estimation_metrics,ancestry_estimation_metrics,converted,dictionary v14 sheet genetic_data row 31,
East Asia,ancestry_estimation_metrics,ancestry_estimation_metrics,converted,dictionary v14 sheet genetic_data row 31,
Japan and Korea,ancestry_estimation_metrics,ancestry_estimation_metrics,converted,dictionary v14 sheet genetic_data row 31,
Southeast Asia,ancestry_estimation_metrics,ancestry_estimation_metrics,converted,dictionary v14 sheet genetic_data row 31,
Central and South America,ancestry_estimation_metrics,ancestry_estimation_metrics,converted,dictionary v14 sheet genetic_data row 31,
India and Pakistan,ancestry_estimation_metrics,ancestry_estimation_metrics,converted,dictionary v14 sheet genetic_data row 31,
Bangladesh,ancestry_estimation_metrics,ancestry_estimation_metrics,converted,dictionary v14 sheet genetic_data row 31,
Sri Lanka,ancestry_estimation_metrics,ancestry_estimation_metrics,converted,dictionary v14 sheet genetic_data row 31,
Central Asia,ancestry_estimation_metrics,ancestry_estimation_metrics,converted,dictionary v14 sheet genetic_data row 31,
Middle East and Western Asia,ancestry_estimation_metrics,ancestry_estimation_metrics,converted,dictionary v14 sheet genetic_data row 31,
North West Wales,ancestry_estimation_metrics,ancestry_estimation_metrics,converted,dictionary v14 sheet genetic_data row 31,
South West Wales,ancestry_estimation_metrics,ancestry_estimation_metrics,converted,dictionary v14 sheet genetic_data row 31,
Northern England and Southern Scotland,ancestry_estimation_metrics,ancestry_estimation_metrics,converted,dictionary v14 sheet genetic_data row 31,
Northern Ireland and North Scotland,ancestry_estimation_metrics,ancestry_estimation_metrics,converted,dictionary v14 sheet genetic_data row 31,
Central and Southern UK,ancestry_estimation_metrics,ancestry_estimation_metrics,converted,dictionary v14 sheet genetic_data row 31,
Finland,ancestry_estimation_metrics,ancestry_estimation_metrics,converted,dictionary v14 sheet genetic_data row 31,
Ireland,ancestry_estimation_metrics,ancestry_estimation_metrics,converted,dictionary v14 sheet genetic_data row 31,
Portugal and Spain,ancestry_estimation_metrics,ancestry_estimation_metrics,converted,dictionary v14 sheet genetic_data row 31,
Southeastern Europe,ancestry_estimation_metrics,ancestry_estimation_metrics,converted,dictionary v14 sheet genetic_data row 31,
Northern Europe,ancestry_estimation_metrics,ancestry_estimation_metrics,converted,dictionary v14 sheet genetic_data row 31,
Eastern Europe,ancestry_estimation_metrics,ancestry_estimation_metrics,converted,dictionary v14 sheet genetic_data row 31,
Central and Western Europe,ancestry_estimation_metrics,ancestry_estimation_metrics,converted,dictionary v14 sheet genetic_data row 31,
ANCESTRY_CALL,ancestry_estimation_metrics,ancestry_estimation_metrics,converted,dictionary v14 sheet genetic_data row 32,
